timestamp,ticksSince1970 (100ns),objectId,position.x,position.y,position.z,rotation.x,rotation.y,rotation.z
0.0,16225584414925481,0,109.8662,0.5729313,0.05,300.0,,
0.012126,16225584414975345,0,0.2577715,1.704671,-0.7854765,2.555308,84.21764,358.3318
0.012126,16225584414985320,1,0.4043522,0.8120458,-0.6790348,24.69106,141.7152,310.5216
0.012126,16225584414985320,2,0.230073,0.8365039,-1.016607,24.83349,95.16811,40.4957
0.012126,16225584414985320,3,0.2577715,1.704666,-0.7854766,9.594179,66.45444,-4.329424e-07
0.012126,16225584414985320,4,2.96,1.05,0.4429998,4.708156e-06,63.21941,3.483043e-05
0.012126,16225584414985320,5,3.015,1.05,-0.0170002,2.204624e-05,210.0,5.616873e-06
0.012126,16225584414985320,6,2.712,1.05,-0.2880001,1.572607e-05,225.0,-9.07294e-05
0.012126,16225584414985320,7,2.826,1.05,-0.1740003,4.970105e-05,198.0981,-0.0001678156
0.012126,16225584414985320,8,2.826,1.05,0.04899979,1.136372e-05,198.098,-1.420911e-05
0.012126,16225584414985320,9,3.053,1.049999,0.2269998,3.180555e-15,90.0,6.246871e-08
0.012126,16225584414985320,10,3.145,1.049999,0.4429998,1.29079e-05,90.00002,7.590984e-06
0.012126,16225584414995298,11,2.749,1.05,0.4400001,2.712756e-06,215.0,-4.56756e-06
0.012126,16225584414995298,12,2.854,1.049999,0.243,-4.876972e-06,90.0,-1.829845e-05
0.012126,16225584414995298,13,2.704,1.049999,0.2849998,3.180555e-15,90.0,6.246871e-08
0.012126,16225584414995298,14,2.712,1.05,-0.06500006,1.707173e-05,225.0,-1.514626e-05
0.012126,16225584414995298,15,3.015,1.05,-0.2400002,7.605275e-06,210.0,-1.649534e-05
0.012126,16225584414995298,16,0.847,-0.073,-4.397,0.0,0.0,0.0
0.112126,16225584415130160,0,0.2529144,1.696678,-0.8024327,5.615079,95.03751,354.9738
0.112126,16225584415130160,1,0.4047436,0.8135399,-0.6796839,24.11144,142.1492,310.6604
0.112126,16225584415130160,2,0.2278834,0.8354123,-1.016692,25.15372,95.02483,40.52552
0.112126,16225584415130160,3,0.2529144,1.696686,-0.8024328,11.46771,76.74515,0.0
0.1294242,16225584415289731,0,0.2527533,1.695832,-0.8038186,5.968493,95.91436,354.7825
0.1294242,16225584415289731,1,0.3890069,0.8296906,-0.7578502,18.77575,149.4271,311.3856
0.1294242,16225584415289731,2,0.2010074,0.8337761,-1.019298,25.69761,96.11156,41.15575
0.1294242,16225584415289731,3,0.2527533,1.695831,-0.8038186,11.74299,77.5814,4.360124e-07
0.1453094,16225584415449308,0,0.2522643,1.694498,-0.8069792,6.670926,97.92885,354.4857
0.1453094,16225584415449308,1,0.3868155,0.83114,-0.7620039,18.64279,149.5016,311.4078
0.1453094,16225584415449308,2,0.1998892,0.8341003,-1.019074,25.67368,96.06896,41.26318
0.1453094,16225584415449308,3,0.2522644,1.694504,-0.8069792,12.31702,79.52171,-8.738885e-07
0.1562247,16225584415559014,0,0.2518722,1.69389,-0.8088433,6.990726,99.14449,354.3703
0.1562247,16225584415559014,1,0.382239,0.8324178,-0.7711396,18.43088,149.6233,311.4267
0.1562247,16225584415559014,2,0.1978274,0.8349289,-1.018817,25.61799,95.96271,41.51986
0.1562247,16225584415559014,3,0.2518723,1.693893,-0.8088433,12.58411,80.70477,4.373942e-07
0.1799325,16225584415798378,0,0.2508194,1.69296,-0.8134279,7.590645,102.085,354.2346
0.1799325,16225584415798378,1,0.3799331,0.8325366,-0.7729212,18.21581,149.8183,311.4723
0.1799325,16225584415798378,2,0.1962509,0.8356512,-1.018663,25.58283,95.92271,41.68405
0.1799325,16225584415798378,3,0.2508194,1.692963,-0.813428,12.72787,81.42589,1.312922e-06
0.1908453,16225584415898107,0,0.2501374,1.692586,-0.8161086,7.816931,103.8122,354.2486
0.1908453,16225584415898107,1,0.3771163,0.8327482,-0.7770573,18.15628,149.9421,311.4668
0.1908453,16225584415898107,2,0.1952498,0.8360831,-1.018548,25.57095,95.93874,41.76318
0.1908453,16225584415898107,3,0.2501374,1.692581,-0.8161086,12.94404,83.13589,-1.314051e-06
0.2112454,16225584416127493,0,0.2480696,1.692039,-0.8224857,8.15739,108.0318,354.6023
0.2112454,16225584416127493,1,0.3737156,0.8323651,-0.7789651,18.04577,150.2392,311.5194
0.2112454,16225584416127493,2,0.1938227,0.8367971,-1.018506,25.55182,96.04022,41.95788
0.2112454,16225584416127493,3,0.2480696,1.692047,-0.8224857,13.36791,84.95078,1.755101e-06
0.2331632,16225584416356879,0,0.2447067,1.691765,-0.8300531,8.359852,113.158,355.5012
0.2331632,16225584416356879,1,0.3652718,0.8327836,-0.7901045,18.14356,150.5213,311.5822
0.2331632,16225584416356879,2,0.1926821,0.8373876,-1.018838,25.53748,96.24641,42.22089
0.2331632,16225584416356879,3,0.2447067,1.691757,-0.8300532,13.90174,90.1272,-8.795358e-07
0.2442146,16225584416456618,0,0.243012,1.691538,-0.8338927,8.449369,115.7233,355.9627
0.2442146,16225584416456618,1,0.3622622,0.8320643,-0.7915831,18.22611,150.6985,311.694
0.2442146,16225584416456618,2,0.1920266,0.8377588,-1.019264,25.48798,96.44599,42.40403
0.2442146,16225584416456618,3,0.243012,1.691544,-0.8338928,13.04454,94.55145,8.763888e-07
0.2565137,16225584416556350,0,0.2404376,1.691442,-0.838155,8.469024,118.7082,356.5416
0.2565137,16225584416556350,1,0.3605677,0.8318568,-0.7896776,18.31044,150.844,311.8112
0.2565137,16225584416556350,2,0.1910648,0.8380777,-1.020042,25.38371,96.7493,42.5839
0.2565137,16225584416556350,3,0.2404376,1.691437,-0.8381551,13.26885,97.57433,4.385956e-07
0.2669558,16225584416666055,0,0.2379728,1.691443,-0.8422173,8.461108,121.5925,356.9456
0.2669558,16225584416666055,1,0.3582277,0.8310551,-0.7888362,18.4194,150.9974,312.0208
0.2669558,16225584416666055,2,0.1904286,0.8385586,-1.020914,25.24751,97.21633,42.80747
0.2669558,16225584416666055,3,0.2379728,1.691437,-0.8422174,13.40539,100.4882,8.776869e-07
0.2838777,16225584416825631,0,0.232052,1.691622,-0.8503913,8.312917,127.7154,357.4479
0.2838777,16225584416825631,1,0.3542241,0.8297941,-0.7890546,18.75696,151.1503,312.573
0.2838777,16225584416835603,2,0.1900008,0.8395652,-1.022772,25.0148,98.37568,43.32952
0.2838777,16225584416835603,3,0.2320521,1.69162,-0.8503913,13.44607,106.6612,1.316753e-06
0.2949501,16225584416955285,0,0.2290033,1.691707,-0.8542094,8.24942,130.7435,357.65
0.2949501,16225584416955285,1,0.3542241,0.8297941,-0.7890546,18.75696,151.1503,312.573
0.2949501,16225584416955285,2,0.1900008,0.8395652,-1.022772,25.0148,98.37566,43.32952
0.2949501,16225584416955285,3,0.2290033,1.691711,-0.8542095,13.459,109.7103,4.389416e-07
0.3063147,16225584417055016,0,0.2256097,1.691707,-0.8579004,8.22144,133.7663,357.8077
0.3063147,16225584417055016,1,0.3502182,0.8292328,-0.7905381,19.11671,151.1113,312.9793
0.3063147,16225584417055016,2,0.1899478,0.8399274,-1.023881,24.96658,99.30798,43.79884
0.3063147,16225584417055016,3,0.2256097,1.691711,-0.8579004,13.48886,112.7479,-1.755986e-06
0.3175569,16225584417174695,0,0.2222511,1.691458,-0.8614562,8.222414,136.7172,357.998
0.3175569,16225584417174695,1,0.3478647,0.828068,-0.790216,19.49015,151.0703,313.3665
0.3175569,16225584417174695,2,0.1899124,0.8401627,-1.025356,24.95982,100.1562,44.19147
0.3175569,16225584417174695,3,0.2222511,1.691452,-0.8614562,13.55676,115.7137,0.0
0.3288261,16225584417294374,0,0.2184789,1.691149,-0.8645637,8.297937,139.5399,358.2054
0.3288261,16225584417294374,1,0.3465201,0.8268068,-0.7893691,19.92531,150.971,313.7883
0.3288261,16225584417294374,2,0.1896142,0.8404382,-1.02709,24.97289,100.9383,44.48318
0.3288261,16225584417294374,3,0.2184789,1.691147,-0.8645638,12.23216,144.7229,-6.552051e-07
0.3399543,16225584417394108,0,0.2149222,1.690758,-0.8675367,8.408018,142.2773,358.5067
0.3399543,16225584417394108,1,0.3455504,0.825576,-0.7892368,20.42855,150.734,314.211
0.3399543,16225584417394108,2,0.1892921,0.8408329,-1.029033,25.01631,101.6302,44.58917
0.3399543,16225584417394108,3,0.2149223,1.690765,-0.8675367,12.31532,147.4832,-6.554122e-07
0.3509509,16225584417503816,0,0.2111712,1.690275,-0.8701397,8.56569,144.8338,358.8038
0.3509509,16225584417503816,1,0.3451629,0.8241923,-0.7882694,20.92839,150.4009,314.666
0.3509509,16225584417503816,2,0.1889426,0.8412915,-1.030617,25.05639,102.2766,44.64596
0.3509509,16225584417503816,3,0.2111712,1.690277,-0.8701398,13.15137,172.4605,-1.643942e-07
0.3620772,16225584417653414,0,0.2076038,1.689699,-0.872512,8.728075,147.2608,359.1348
0.3620772,16225584417653414,1,0.3441616,0.8230051,-0.7890718,21.41698,149.7675,315.1809
0.3620772,16225584417653414,2,0.1885804,0.8416834,-1.032201,25.0919,102.8726,44.64338
0.3620772,16225584417653414,3,0.2076038,1.689697,-0.872512,13.14321,174.9231,1.643887e-07
0.3737961,16225584417773095,0,0.2041103,1.688989,-0.8744481,8.959169,149.4185,359.4591
0.3737961,16225584417773095,1,0.3448054,0.8219318,-0.7866998,21.81363,148.8393,315.7463
0.3737961,16225584417773095,2,0.1882712,0.8419973,-1.033593,25.11674,103.4514,44.6445
0.3737961,16225584417773095,3,0.2041104,1.688995,-0.8744481,13.1994,177.1225,1.068772e-06
0.3867496,16225584417862855,0,0.2007559,1.688182,-0.8762004,9.249593,151.4208,359.7679
0.3867496,16225584417862855,1,0.3459484,0.8208575,-0.7844712,22.12613,147.7108,316.3553
0.3867496,16225584417862855,2,0.1879813,0.8423765,-1.034991,25.13848,104.0354,44.65658
0.3867496,16225584417862855,3,0.2007559,1.688187,-0.8762005,13.31452,179.1714,9.184826e-07
0.4066466,16225584418062324,0,0.1949101,1.68673,-0.8788677,9.845422,154.854,0.1911691
0.4066466,16225584418062324,1,0.3474177,0.8193648,-0.7809367,22.66482,145.7086,317.4626
0.4066466,16225584418062324,2,0.1867659,0.8424697,-1.037655,25.13735,105.0111,44.64305
0.4066466,16225584418062324,3,0.1949101,1.686737,-0.8788678,13.25972,184.7905,-1.206093e-06
0.4174346,16225584418181999,0,0.1922908,1.686132,-0.8798647,10.10334,156.2631,0.3668894
0.4174346,16225584418181999,1,0.3503481,0.8195956,-0.7748311,23.00246,144.5237,318.1998
0.4174346,16225584418181999,2,0.1870002,0.8435069,-1.039504,25.12895,105.6077,44.58413
0.4174346,16225584418181999,3,0.1922909,1.686127,-0.8798648,13.39611,186.2352,-7.679465e-07
0.4288912,16225584418281745,0,0.1899515,1.685604,-0.8810437,10.29395,157.6161,0.5558145
0.4288912,16225584418281745,1,0.3517032,0.8188376,-0.7709782,23.3152,143.5166,318.8579
0.4288912,16225584418281745,2,0.1870863,0.8443807,-1.041262,25.10293,106.1847,44.49719
0.4288912,16225584418281745,3,0.1899515,1.685608,-0.8810437,13.46877,187.616,7.681792e-07
0.439702,16225584418391442,0,0.1878321,1.685013,-0.8818599,10.46366,158.7122,0.6793849
0.439702,16225584418391442,1,0.357951,0.818772,-0.753181,23.48088,142.6844,319.4552
0.439702,16225584418391442,2,0.1870176,0.8451316,-1.042991,25.04847,106.7597,44.40105
0.439702,16225584418391442,3,0.1878321,1.685013,-0.88186,13.55472,188.7355,0.0
0.4517112,16225584418521092,0,0.185908,1.684576,-0.882845,10.63276,159.7365,0.8151867
0.4517112,16225584418521092,1,0.3630328,0.8175663,-0.7394254,23.65434,142.0096,319.9358
0.4517112,16225584418521092,2,0.1870315,0.8458228,-1.044737,24.98338,107.3427,44.30384
0.4517112,16225584418521092,3,0.185908,1.68457,-0.8828451,13.63395,189.7833,-1.42761e-06
0.4618481,16225584418645819,0,0.1842385,1.684084,-0.8833953,10.78268,160.5274,0.8945035
0.4618481,16225584418645819,1,0.3645338,0.8164559,-0.7331549,23.86994,141.4473,320.2191
0.4618481,16225584418645819,2,0.1869917,0.8465827,-1.046536,24.89359,107.9317,44.20671
0.4618481,16225584418645819,3,0.1842385,1.684082,-0.8833954,15.17926,194.1068,-6.634781e-07
0.4756953,16225584418755528,0,0.1828695,1.683724,-0.884101,10.93131,161.1765,0.9403219
0.4756953,16225584418755528,1,0.3656108,0.8141149,-0.7320955,24.17713,141.0748,320.2069
0.4756953,16225584418755528,2,0.1869626,0.847325,-1.048313,24.79333,108.5316,44.10704
0.4756953,16225584418755528,3,0.1828695,1.683731,-0.8841011,15.27869,194.7799,-6.637916e-07
0.4963901,16225584418974937,0,0.1803451,1.683052,-0.8852698,11.173,162.2082,0.9095188
0.4963901,16225584418974937,1,0.3655851,0.8111309,-0.7273737,24.73924,140.8275,319.6975
0.4963901,16225584418974937,2,0.1870431,0.8486459,-1.0512,24.62093,109.6444,43.94893
0.4963901,16225584418974937,3,0.1803451,1.68306,-0.8852699,17.01225,189.1535,-4.464213e-07
0.5171384,16225584419174405,0,0.1785308,1.682519,-0.8863018,11.35462,162.8786,0.6583213
0.5171384,16225584419174405,1,0.3703588,0.8089119,-0.7000172,25.26183,141.248,318.7496
0.5171384,16225584419174405,2,0.1870099,0.8507184,-1.05565,24.41399,111.0343,43.5587
0.5171384,16225584419174405,3,0.1785308,1.682526,-0.8863019,16.39366,179.1,-4.449773e-07
0.5286885,16225584419284120,0,0.1778829,1.682321,-0.8867322,11.4577,163.039,0.4534945
0.5286885,16225584419284120,1,0.3705499,0.8075299,-0.6938171,25.57703,141.6254,318.2581
0.5286885,16225584419284120,2,0.1868429,0.8516448,-1.057832,24.32473,111.7411,43.26448
0.5286885,16225584419284120,3,0.1778829,1.682327,-0.8867323,16.54869,179.2524,2.0875e-07
0.5402777,16225584419393820,0,0.1771808,1.681985,-0.8870683,11.55792,163.2177,0.2655627
0.5402777,16225584419393820,1,0.3726019,0.8059296,-0.6839104,25.77974,142.0129,317.8151
0.5402777,16225584419393820,2,0.1865934,0.8526791,-1.059553,24.25379,112.4875,42.89601
0.5402777,16225584419393820,3,0.1771808,1.681992,-0.8870683,15.28903,177.3993,-1.161692e-06
0.5515726,16225584419513497,0,0.1766639,1.681792,-0.8874674,11.66263,163.2863,0.06015235
0.5515726,16225584419513497,1,0.372782,0.8047264,-0.6781676,26.05929,142.473,317.3761
0.5515726,16225584419513497,2,0.18641,0.8536003,-1.061519,24.184,113.2453,42.52831
0.5515726,16225584419513497,3,0.176664,1.681793,-0.8874674,15.43957,177.4627,6.643036e-07
0.5621117,16225584419613235,0,0.1760973,1.681493,-0.8877363,11.75139,163.3793,359.8972
0.5621117,16225584419613235,1,0.3742793,0.8033342,-0.6691338,26.25629,142.886,316.9594
0.5621117,16225584419613235,2,0.1860351,0.8543229,-1.063549,24.11127,114.0341,42.153
0.5621117,16225584419613235,3,0.1760973,1.681488,-0.8877364,15.56437,177.5519,-1.107842e-06
0.5730509,16225584419732910,0,0.1755955,1.681273,-0.8880591,11.83324,163.4276,359.741
0.5730509,16225584419732910,1,0.3736191,0.8009939,-0.6709235,26.62359,143.3717,316.5781
0.5730509,16225584419732910,2,0.1855905,0.8549677,-1.065601,24.03184,114.8828,41.75637
0.5730509,16225584419732910,3,0.1755955,1.681274,-0.8880592,15.68149,177.5963,-8.036445e-07
0.5841162,16225584419847929,0,0.175142,1.681086,-0.8882997,11.92778,163.4916,359.6495
0.5841162,16225584419847929,1,0.3732212,0.7993801,-0.6684806,26.98238,143.8491,316.2014
0.5841162,16225584419847929,2,0.1850197,0.8555724,-1.067726,23.95627,115.7864,41.3387
0.5841162,16225584419847929,3,0.175142,1.681091,-0.8882998,16.54379,174.1883,8.349789e-07
0.5963234,16225584419957636,0,0.1746394,1.680874,-0.8886052,12.02477,163.5787,359.5959
0.5963234,16225584419957636,1,0.3724099,0.7983915,-0.665171,27.30036,144.3671,315.94
0.5963234,16225584419957636,2,0.184382,0.8562216,-1.069905,23.89981,116.7144,40.93405
0.5963234,16225584419957636,3,0.1746394,1.680878,-0.8886053,16.64871,174.2766,-1.113913e-07
0.6178706,16225584420196994,0,0.1738837,1.680417,-0.8890039,12.2397,163.7444,359.5878
0.6178706,16225584420196994,1,0.3713196,0.7960935,-0.6592971,27.87631,145.2951,315.4208
0.6178706,16225584420196994,2,0.1826497,0.8572792,-1.074114,23.86437,118.5118,40.14776
0.6178706,16225584420196994,3,0.1738838,1.68042,-0.8890039,16.66848,174.1601,-8.912225e-07
0.6303709,16225584420306705,0,0.1735435,1.680173,-0.8892479,12.35486,163.8034,359.5935
0.6303709,16225584420306705,1,0.3691561,0.7952392,-0.6598276,28.13217,145.6655,315.1678
0.6303709,16225584420306705,2,0.1815942,0.8576143,-1.076149,23.8961,119.3481,39.72923
0.6303709,16225584420306705,3,0.1735435,1.680176,-0.889248,16.78072,174.2259,-3.344052e-07
0.6408086,16225584420396465,0,0.1732219,1.679814,-0.889477,12.47477,163.8497,359.6111
0.6408086,16225584420396465,1,0.3684419,0.7940647,-0.6567349,28.53404,146.2433,314.7605
0.6408086,16225584420396465,2,0.1796481,0.8576671,-1.078914,23.99551,120.6705,39.03658
0.6408086,16225584420396465,3,0.1732219,1.67981,-0.8894771,16.89514,174.28,-6.692146e-07
0.6518203,16225584420516144,0,0.1730281,1.679462,-0.8897082,12.57328,163.8536,359.623
0.6518203,16225584420516144,1,0.3684419,0.7940647,-0.6567349,28.53403,146.2433,314.7605
0.6518203,16225584420516144,2,0.1796481,0.8576671,-1.078914,23.9955,120.6705,39.03658
0.6518203,16225584420516144,3,0.1730281,1.679474,-0.8897082,16.99083,174.2902,-3.905738e-07
0.6633964,16225584420665742,0,0.1728979,1.679025,-0.8898908,12.67809,163.8627,359.6124
0.6633964,16225584420665742,1,0.3682697,0.7936553,-0.6551132,28.76894,146.5568,314.5164
0.6633964,16225584420665742,2,0.1780961,0.8575329,-1.080657,24.10407,121.5179,38.71429
0.6633964,16225584420665742,3,0.1728979,1.679031,-0.8898908,14.33252,183.4499,-8.261258e-07
0.6747815,16225584420765475,0,0.1727315,1.678502,-0.8902088,12.79072,163.8821,359.5624
0.6747815,16225584420765475,1,0.3675683,0.7940868,-0.6529036,28.90169,146.8607,314.3716
0.6747815,16225584420765475,2,0.1765443,0.8571867,-1.081993,24.22143,122.3079,38.50098
0.6747815,16225584420765475,3,0.1727315,1.678497,-0.8902089,14.45434,183.4782,-6.612613e-07
0.6855531,16225584420845262,0,0.1727602,1.677923,-0.8903956,12.96108,163.8721,359.4886
0.6855531,16225584420845262,1,0.3678058,0.7941432,-0.6495905,29.12561,147.2299,314.1205
0.6855531,16225584420845262,2,0.1740869,0.8565715,-1.083962,24.43328,123.5608,38.25943
0.6855531,16225584420845262,3,0.1727602,1.677917,-0.8903957,14.63891,183.4819,-5.515119e-08
0.6969916,16225584420964947,0,0.1727589,1.677325,-0.8906809,13.16627,163.8564,359.424
0.6969916,16225584420964947,2,0.1740869,0.8565715,-1.083962,24.43328,123.5607,38.25944
0.6969916,16225584420964947,3,0.1727589,1.677322,-0.890681,14.85351,183.4833,4.416447e-07
0.708191,16225584421094597,0,0.1727851,1.676808,-0.8909968,13.36169,163.8487,359.3605
0.708191,16225584421094597,1,0.3689302,0.7942953,-0.6457592,29.22141,147.5098,313.838
0.708191,16225584421094597,2,0.1708647,0.85576,-1.085832,24.90434,124.9314,38.04099
0.708191,16225584421094597,3,0.1727851,1.676804,-0.8909969,15.05824,183.4921,3.86808e-07
0.7197258,16225584421194332,0,0.1728873,1.676089,-0.8912599,13.61265,163.8569,359.3331
0.7197258,16225584421194332,1,0.3671019,0.7937066,-0.6509651,29.36897,147.611,313.7484
0.7197258,16225584421194332,2,0.1695,0.8552623,-1.086615,25.22864,125.588,37.87256
0.7197258,16225584421194332,3,0.1728873,1.676086,-0.89126,15.30361,183.5229,-7.745155e-07
0.7312557,16225584421314010,0,0.1729551,1.675391,-0.8914622,13.90519,163.8632,359.3147
0.7312557,16225584421314010,1,0.3674102,0.7937041,-0.6508381,29.50612,147.6748,313.5877
0.7312557,16225584421314010,2,0.1678863,0.8545504,-1.087422,25.66589,126.3096,37.71919
0.7312557,16225584421314010,3,0.1729551,1.675385,-0.8914623,15.58488,183.5561,6.09374e-07
0.7436947,16225584421453637,0,0.1729512,1.674716,-0.8916731,14.20973,163.8709,359.31
0.7436947,16225584421453637,1,0.3673425,0.7945743,-0.650826,29.52573,147.8727,313.5304
0.7436947,16225584421453637,2,0.1662219,0.8535882,-1.088073,26.18907,127.109,37.56182
0.7436947,16225584421453637,3,0.1729512,1.674713,-0.8916731,15.31352,181.375,-2.213007e-07
0.764724,16225584421643132,0,0.1728098,1.673487,-0.8920554,14.87475,163.9375,359.4107
0.764724,16225584421643132,1,0.3702654,0.7954047,-0.6469554,29.31768,148.2134,313.3472
0.764724,16225584421643132,2,0.1620572,0.8514391,-1.089664,27.44672,129.0634,36.96882
0.764724,16225584421643132,3,0.1728098,1.673492,-0.8920555,15.91874,181.4983,5.548875e-08
0.7762961,16225584421772784,0,0.1726218,1.672882,-0.8923308,15.16645,164.0135,359.445
0.7762961,16225584421772784,1,0.371564,0.7949277,-0.6449933,29.10535,148.4789,313.2522
0.7762961,16225584421772784,2,0.1597234,0.8500499,-1.090385,28.1807,130.2072,36.58136
0.7762961,16225584421772784,3,0.1726218,1.672882,-0.8923308,16.18654,181.5998,-6.667611e-07
0.7870833,16225584421862546,0,0.1724209,1.672463,-0.89261,15.34554,164.1247,359.4804
0.7870833,16225584421862546,1,0.3729915,0.7953748,-0.6434942,28.90436,148.7493,313.1376
0.7870833,16225584421862546,2,0.1572019,0.8486366,-1.091007,28.93485,131.3312,36.22487
0.7870833,16225584421862546,3,0.1724209,1.67247,-0.89261,16.34734,181.727,-1.112179e-07
0.7981249,16225584421982226,0,0.1722248,1.671962,-0.8928726,15.53243,164.26,359.4833
0.7981249,16225584421982226,1,0.372078,0.7950908,-0.6499841,28.73874,148.995,313.0237
0.7981249,16225584421982226,2,0.1545743,0.8471438,-1.091588,29.70027,132.3187,35.9027
0.7981249,16225584421982226,3,0.1722248,1.671967,-0.8928727,16.52443,181.8791,-3.061282e-07
0.8093217,16225584422101902,0,0.1719545,1.671495,-0.8930632,15.70895,164.4381,359.4468
0.8093217,16225584422101902,1,0.3696278,0.7952995,-0.6574175,28.56059,149.2502,312.8467
0.8093217,16225584422101902,2,0.1519948,0.8456284,-1.091978,30.4325,133.1239,35.54079
0.8093217,16225584422101902,3,0.1719545,1.671494,-0.8930632,16.70302,182.073,4.735475e-07
0.8217053,16225584422221582,0,0.1716524,1.671053,-0.8932546,15.88914,164.6193,359.4138
0.8217053,16225584422221582,1,0.3700866,0.7958826,-0.6590382,28.34107,149.4912,312.6841
0.8217053,16225584422221582,2,0.1493992,0.8442793,-1.092158,31.08987,133.7991,35.09945
0.8329832,16225584422331290,0,0.1713555,1.670729,-0.8934747,16.0003,164.8453,359.3758
0.8329832,16225584422331290,1,0.3717712,0.7958672,-0.6593484,28.12285,149.7075,312.5684
0.8329832,16225584422331290,2,0.1470339,0.8430824,-1.092166,31.62019,134.4905,34.5491
0.8442813,16225584422440996,0,0.1710159,1.670526,-0.8936813,16.0843,165.0486,359.3317
0.8442813,16225584422440996,1,0.3735169,0.7963958,-0.6591798,27.88274,149.9237,312.4852
0.8442813,16225584422440996,2,0.1449431,0.841993,-1.092164,32.0905,135.2438,33.99208
0.8568777,16225584422570651,0,0.1707477,1.670303,-0.8939023,16.14124,165.2595,359.2954
0.8568777,16225584422570651,1,0.3715442,0.7978546,-0.6661884,27.64563,150.1167,312.3572
0.8568777,16225584422570651,2,0.142941,0.8411056,-1.092338,32.4693,136.0862,33.43673
0.8765931,16225584422785136,0,0.1700187,1.67006,-0.8943759,16.18895,165.6655,359.2648
0.8765931,16225584422785136,1,0.3703808,0.7997221,-0.6757624,27.19244,150.4948,312.1503
0.8765931,16225584422785136,2,0.1389399,0.8396142,-1.093443,33.19829,138.0585,32.30047
0.8880097,16225584422874904,0,0.1696544,1.669949,-0.894606,16.22019,165.8621,359.2491
0.8880097,16225584422894846,1,0.3709638,0.8004689,-0.6780658,26.95659,150.6556,312.0539
0.8880097,16225584422894846,2,0.1370139,0.8389386,-1.094113,33.51388,139.1415,31.80009
0.8999032,16225584422994577,0,0.1692946,1.669884,-0.8948212,16.23956,166.0829,359.2451
0.8999032,16225584422994577,1,0.3708685,0.8011398,-0.681671,26.7167,150.8255,311.9769
0.8999032,16225584422994577,2,0.1349604,0.8382685,-1.094822,33.80825,140.2708,31.34497
0.9122707,16225584423114260,0,0.1688936,1.669792,-0.895025,16.27141,166.2909,359.2405
0.9122707,16225584423114260,1,0.3719268,0.8018333,-0.6830066,26.44476,150.9597,311.9084
0.9122707,16225584423114260,2,0.1327678,0.8376213,-1.095811,34.05169,141.4086,30.94903
0.9328718,16225584423323700,0,0.1679957,1.669604,-0.8955028,16.33177,166.7501,359.2255
0.9328718,16225584423323700,1,0.3669558,0.8031853,-0.7051796,26.14513,151.0663,311.5986
0.9328718,16225584423323700,2,0.1286461,0.8366647,-1.097466,34.3625,143.5445,30.35601
0.9465004,16225584423463324,0,0.1675165,1.669482,-0.8957322,16.36596,167.0004,359.1905
0.9465004,16225584423463324,1,0.3671305,0.803822,-0.7090657,25.96423,151.1065,311.4753
0.9465004,16225584423463324,2,0.1267484,0.8362879,-1.098301,34.47333,144.5701,30.13026
0.9571432,16225584423592979,0,0.1669764,1.669285,-0.8959743,16.42503,167.2954,359.1681
0.9571432,16225584423592979,1,0.3661461,0.8040473,-0.7163152,25.81928,151.1554,311.3651
0.9571432,16225584423592979,2,0.124603,0.836048,-1.099385,34.54592,145.5266,29.92617
0.9678786,16225584423672768,0,0.1664308,1.669073,-0.8961649,16.51366,167.5875,359.1169
0.9678786,16225584423672768,1,0.3668245,0.8044115,-0.7195424,25.62543,151.2084,311.2801
0.9678786,16225584423672768,2,0.1222052,0.836042,-1.100683,34.62829,146.4839,29.71964
0.9779639,16225584423772501,0,0.1658752,1.668826,-0.8963808,16.64563,167.9327,359.0602
0.9779639,16225584423772501,1,0.3646901,0.8059337,-0.7270732,25.50885,151.2411,311.1442
0.9779639,16225584423772501,2,0.1204127,0.8359253,-1.101624,34.68534,147.3612,29.53338
0.9880142,16225584423902152,0,0.1653074,1.66854,-0.8965744,16.77626,168.2522,358.9988
0.9880142,16225584423902152,1,0.3645994,0.8066013,-0.7300376,25.38357,151.2898,311.0451
0.9880142,16225584423902152,2,0.1186668,0.8358859,-1.102868,34.73003,148.1377,29.34428
1.000075,16225584424001885,0,0.1646948,1.668366,-0.8968618,16.87642,168.5627,358.9374
1.000075,16225584424001885,1,0.3640354,0.8070541,-0.7349524,25.28691,151.3295,310.938
1.000075,16225584424001885,2,0.1171762,0.8358932,-1.103791,34.74825,148.8909,29.16196
1.013476,16225584424131539,0,0.1640718,1.668212,-0.8971734,16.93974,168.8911,358.9088
1.013476,16225584424131539,1,0.3643228,0.8073874,-0.7376071,25.17693,151.4052,310.8619
1.013476,16225584424131539,2,0.1152628,0.8361328,-1.105235,34.75097,149.6333,29.00197
1.032864,16225584424331006,0,0.1628322,1.667803,-0.8978735,17.06764,169.5593,358.8696
1.032864,16225584424331006,1,0.3630573,0.8083923,-0.7457913,25.02771,151.5883,310.6536
1.032864,16225584424331006,2,0.1123922,0.8366647,-1.107126,34.65015,150.8888,28.71579
1.04428,16225584424450685,0,0.1621994,1.667565,-0.8981912,17.15832,169.8832,358.8551
1.04428,16225584424450685,1,0.3621949,0.8088211,-0.7504133,24.9762,151.7302,310.5425
1.04428,16225584424450685,2,0.1106735,0.8371383,-1.108685,34.59072,151.4707,28.5138
1.054847,16225584424545502,0,0.1614582,1.667286,-0.8986262,17.257,170.1938,358.8543
1.054847,16225584424545502,1,0.3608919,0.8093455,-0.7557436,24.94919,151.8993,310.4302
1.054847,16225584424545502,2,0.1095764,0.8375472,-1.109693,34.51421,152.0556,28.3209
1.054847,16225584424555477,3,0.1614582,1.667282,-0.8986263,29.83942,204.7114,0.0
1.066145,16225584424675154,0,0.16086,1.667065,-0.8989708,17.34523,170.4993,358.8758
1.066145,16225584424675154,1,0.3604045,0.809601,-0.758598,24.90244,152.1084,310.3452
1.066145,16225584424675154,2,0.1084662,0.8380141,-1.1107,34.42529,152.6462,28.12385
1.066145,16225584424675154,3,0.16086,1.667068,-0.8989709,29.16159,203.4049,-1.466547e-06
1.077315,16225584424774889,0,0.1603425,1.666855,-0.8992071,17.42969,170.7846,358.8935
1.077315,16225584424774889,1,0.3593075,0.8104778,-0.7612517,24.84888,152.3291,310.2547
1.077315,16225584424774889,2,0.1075848,0.838481,-1.111658,34.33368,153.2132,27.91442
1.077315,16225584424774889,3,0.1603425,1.666855,-0.8992072,29.22311,203.7184,-4.891422e-07
1.088095,16225584424886084,0,0.15976,1.666651,-0.8995674,17.52141,171.0792,358.9322
1.088095,16225584424886084,1,0.3586856,0.8109106,-0.7634155,24.79576,152.5883,310.2005
1.088095,16225584424886084,2,0.1063792,0.8390646,-1.113017,34.2415,153.7505,27.68907
1.088095,16225584424886084,3,0.1597601,1.666656,-0.8995675,29.28028,204.0467,4.894158e-07
1.09948,16225584424994303,0,0.1592041,1.666406,-0.8998476,17.6053,171.369,358.9984
1.09948,16225584424994303,1,0.3581436,0.8112316,-0.7654754,24.74325,152.8642,310.1721
1.09948,16225584424994303,2,0.1055271,0.83958,-1.114066,34.14074,154.2776,27.44489
1.09948,16225584424994303,3,0.1592041,1.666412,-0.8998477,29.36964,203.3632,-4.898446e-07
1.112057,16225584425123955,0,0.158598,1.666256,-0.9001955,17.70234,171.6624,359.0979
1.112057,16225584425123955,1,0.3575125,0.8114992,-0.7674363,24.6993,153.1559,310.1658
1.112057,16225584425123955,2,0.1044647,0.8402489,-1.11531,34.00614,154.7922,27.16441
1.112057,16225584425123955,3,0.158598,1.66626,-0.9001955,29.44508,203.2297,0.0
1.123174,16225584425233666,0,0.1579484,1.666031,-0.9005919,17.80817,171.9486,359.2265
1.123174,16225584425233666,1,0.35653,0.8110391,-0.7716018,24.69101,153.4301,310.1368
1.123174,16225584425233666,2,0.103589,0.8409855,-1.116537,33.84362,155.3246,26.8744
1.123174,16225584425233666,3,0.1579484,1.666046,-0.9005919,29.19361,204.1052,-1.956006e-06
1.134378,16225584425343370,0,0.1573714,1.665865,-0.9009224,17.89812,172.2048,359.3721
1.134378,16225584425343370,1,0.3557506,0.8109664,-0.7741114,24.66975,153.7136,310.1211
1.134378,16225584425343370,2,0.1030219,0.8417104,-1.117565,33.65586,155.8721,26.59972
1.134378,16225584425343370,3,0.1573715,1.665863,-0.9009225,29.19508,204.4091,4.890086e-07
1.144593,16225584425443106,0,0.1568214,1.665765,-0.9013126,17.99697,172.4538,359.5131
1.144593,16225584425443106,1,0.3552535,0.8109168,-0.775984,24.67187,154.0029,310.0854
1.144593,16225584425443106,2,0.1021346,0.8427199,-1.118978,33.44637,156.4621,26.27555
1.144593,16225584425443106,3,0.1568214,1.665771,-0.9013127,29.20756,204.7076,-4.890681e-07
1.166014,16225584425652543,0,0.155769,1.665533,-0.9019955,18.15337,172.9017,359.7544
1.166014,16225584425652543,1,0.3527023,0.8113331,-0.7811345,24.6918,154.5039,309.9842
1.166014,16225584425652543,2,0.1007426,0.8444864,-1.121334,33.11215,157.5138,25.40688
1.166014,16225584425652543,3,0.1557691,1.665527,-0.9019957,29.21661,205.2358,1.467334e-06
1.177054,16225584425772223,0,0.1552736,1.665431,-0.902331,18.22172,173.1038,359.8409
1.177054,16225584425772223,1,0.350692,0.811441,-0.7853098,24.70332,154.7414,309.9097
1.177054,16225584425772223,2,0.1000652,0.8453081,-1.122399,32.99797,157.9862,24.75154
1.177054,16225584425772223,3,0.1552736,1.665436,-0.9023311,29.26213,205.0602,-1.467987e-06
1.188981,16225584425891906,0,0.1547394,1.665337,-0.9027233,18.30149,173.3455,359.9449
1.188981,16225584425891906,1,0.3494367,0.8114822,-0.7876041,24.70948,154.9771,309.858
1.188981,16225584425891906,2,0.09950095,0.8461825,-1.123445,32.91626,158.4371,24.02757
1.188981,16225584425891906,3,0.1547395,1.665344,-0.9027234,29.27767,205.34,2.447016e-06
1.210771,16225584426111315,0,0.1539038,1.665175,-0.9032317,18.3924,173.7057,0.03670454
1.210771,16225584426111315,1,0.3484004,0.8112059,-0.7897208,24.79563,155.4619,309.7728
1.210771,16225584426111315,2,0.09853145,0.8477381,-1.125136,32.80724,159.276,22.61329
1.210771,16225584426111315,3,0.1539038,1.665176,-0.9032318,30.30669,205.0454,-1.483385e-06
1.222125,16225584426221022,0,0.1534609,1.665134,-0.903528,18.43393,173.8587,0.06096001
1.222125,16225584426221022,1,0.3468427,0.8111411,-0.7915975,24.86715,155.6538,309.7396
1.222125,16225584426230996,2,0.09838345,0.8483014,-1.125595,32.76068,159.6393,22.02792
1.222125,16225584426230996,3,0.1534609,1.665131,-0.9035281,30.32995,205.215,-4.945791e-07
1.232414,16225584426320756,0,0.1529967,1.665124,-0.9038787,18.44684,173.9979,0.06560261
1.232414,16225584426320756,1,0.3457071,0.8110396,-0.7931046,24.92235,155.8557,309.7308
1.232414,16225584426320756,2,0.09731375,0.8492146,-1.127015,32.68614,160.0063,21.53435
1.232414,16225584426320756,3,0.1529967,1.665131,-0.9038787,30.33917,205.3588,-1.978502e-06
1.244659,16225584426445489,0,0.1526108,1.66512,-0.9041971,18.45091,174.1379,0.08231667
1.244659,16225584426445489,1,0.3451136,0.8116315,-0.7944059,25.01085,156.0477,309.7151
1.244659,16225584426445489,2,0.0965283,0.8499497,-1.127962,32.59147,160.3562,21.12126
1.265763,16225584426664901,0,0.151896,1.665193,-0.9047232,18.43752,174.3765,0.08505624
1.265763,16225584426664901,1,0.3438712,0.8114343,-0.7943366,25.17199,156.4264,309.721
1.265763,16225584426664901,2,0.0957188,0.851101,-1.12905,32.33549,160.9856,20.43029
1.281242,16225584426814504,0,0.1515387,1.665185,-0.9048964,18.44998,174.4764,0.07565625
1.281242,16225584426814504,1,0.3431576,0.8116857,-0.7950841,25.25393,156.6309,309.7072
1.281242,16225584426814504,2,0.09533164,0.8516316,-1.129434,32.15708,161.2545,20.09905
1.302391,16225584427023945,0,0.1508851,1.665098,-0.90526,18.47593,174.6461,0.05566502
1.302391,16225584427023945,1,0.3419835,0.8111872,-0.7950414,25.39302,157.0674,309.6489
1.302391,16225584427023945,2,0.09405483,0.8527988,-1.130793,31.76177,161.8206,19.33672
1.317289,16225584427163571,0,0.150585,1.665053,-0.9054004,18.49143,174.7076,0.04687176
1.317289,16225584427163571,1,0.3417497,0.8109587,-0.793771,25.46889,157.2768,309.5816
1.317289,16225584427163571,2,0.09352972,0.8533368,-1.131316,31.56838,162.1571,18.98894
1.337454,16225584427382983,0,0.1501453,1.664987,-0.9055202,18.52578,174.8398,0.07576705
1.337454,16225584427382983,1,0.3403379,0.8109162,-0.7929108,25.59525,157.7072,309.4529
1.337454,16225584427382983,2,0.09226821,0.8541427,-1.132177,31.24045,162.8736,18.35207
1.34793,16225584427482714,0,0.1498992,1.664983,-0.9055525,18.54736,174.8983,0.1080767
1.34793,16225584427482714,1,0.3402953,0.8109083,-0.7918525,25.64614,157.8816,309.3939
1.34793,16225584427482714,2,0.09174285,0.8543562,-1.132508,31.12908,163.2144,18.04325
1.36033,16225584427602397,0,0.1496432,1.664959,-0.905563,18.57118,174.9762,0.1587987
1.36033,16225584427602397,1,0.3397607,0.8108378,-0.7918506,25.6805,158.0398,309.3506
1.36033,16225584427602397,2,0.09109196,0.8545524,-1.132878,31.04568,163.5728,17.75337
1.37863,16225584427801863,0,0.149075,1.664854,-0.9055551,18.62585,175.1086,0.2822686
1.37863,16225584427801863,1,0.3387472,0.8106203,-0.7919562,25.75141,158.3004,309.2706
1.37863,16225584427801863,2,0.08997148,0.854502,-1.133327,30.97041,164.2606,17.34204
1.389995,16225584427901596,0,0.1488085,1.664815,-0.905521,18.66422,175.1718,0.3234124
1.389995,16225584427901596,1,0.3382322,0.8105264,-0.7921891,25.77485,158.3968,309.2525
1.389995,16225584427901596,2,0.0894237,0.8545039,-1.133579,30.97201,164.5466,17.19156
1.389995,16225584427901596,3,0.1488086,1.664825,-0.9055211,24.09103,190.653,-1.63666e-06
1.412863,16225584428121013,0,0.1482666,1.664687,-0.9054586,18.71601,175.2603,0.3945625
1.412863,16225584428121013,1,0.3386263,0.8097711,-0.7903992,25.84798,158.5295,309.2377
1.412863,16225584428121013,2,0.08803909,0.8543874,-1.134033,31.03785,165.091,16.94565
1.412863,16225584428121013,3,0.1482666,1.664688,-0.9054586,24.12244,190.7539,2.33866e-07
1.430099,16225584428290557,0,0.1478042,1.664632,-0.90534,18.75491,175.3509,0.414897
1.430099,16225584428290557,1,0.3377194,0.8097721,-0.7903804,25.94448,158.5743,309.2278
1.430099,16225584428290557,2,0.08670579,0.8540559,-1.133761,31.06827,165.6462,16.61982
1.430099,16225584428290557,3,0.1478042,1.664627,-0.9053401,23.90169,189.9991,-7.003948e-07
1.45012,16225584428495081,0,0.1473489,1.664549,-0.9052738,18.78563,175.3965,0.4270312
1.45012,16225584428495081,1,0.3381696,0.8095341,-0.7884835,26.00671,158.5681,309.2289
1.45012,16225584428495081,2,0.08567562,0.8539208,-1.133819,31.05981,165.941,16.40595
1.45012,16225584428495081,3,0.147349,1.664551,-0.9052739,23.92885,190.0492,-2.33514e-07
1.46188,16225584428624729,0,0.1471644,1.664557,-0.9052955,18.80416,175.4087,0.4292535
1.46188,16225584428624729,1,0.3380765,0.8093993,-0.7883329,26.10222,158.5561,309.2231
1.46188,16225584428624729,2,0.08477573,0.8538163,-1.134068,31.06219,166.2121,16.15901
1.46188,16225584428624729,3,0.1471644,1.664551,-0.9052956,24.13928,188.2933,-1.40338e-06
1.472152,16225584428714493,0,0.1470825,1.664526,-0.9052774,18.82219,175.41,0.4293092
1.472152,16225584428714493,1,0.337912,0.8091266,-0.7881783,26.18637,158.5339,309.215
1.472152,16225584428714493,2,0.08377795,0.8538708,-1.134411,31.07267,166.4636,15.90267
1.472152,16225584428714493,3,0.1470825,1.66452,-0.9052774,24.20613,187.8439,-1.989164e-06
1.483525,16225584428834170,0,0.1469517,1.664498,-0.9052757,18.82971,175.4074,0.4335016
1.483525,16225584428834170,1,0.3374864,0.8090097,-0.7888271,26.29691,158.503,309.1889
1.483525,16225584428834170,2,0.08331841,0.8538032,-1.134427,31.07903,166.6866,15.66708
1.483525,16225584428834170,3,0.1469517,1.664505,-0.9052758,23.98118,187.2876,3.504131e-07
1.494665,16225584428943875,0,0.1467933,1.664461,-0.9053196,18.8564,175.4143,0.4389839
1.494665,16225584428943875,1,0.3372819,0.8087642,-0.7879729,26.40921,158.4482,309.1488
1.494665,16225584428943875,2,0.08249895,0.8538888,-1.134671,31.07685,166.862,15.45131
1.494665,16225584428943875,3,0.1467933,1.664459,-0.9053196,24.60738,187.3552,1.173821e-07
1.505136,16225584429103452,0,0.146691,1.664468,-0.9053301,18.87607,175.4164,0.4566188
1.505136,16225584429103452,1,0.3371702,0.8084443,-0.7875403,26.50627,158.388,309.1142
1.505136,16225584429103452,2,0.08154402,0.8539861,-1.135059,31.07218,167.0069,15.22981
1.505136,16225584429103452,3,0.146691,1.664474,-0.9053301,24.65286,186.4261,1.643947e-06
1.520664,16225584429213156,0,0.1466496,1.664406,-0.9053432,18.89121,175.4037,0.4804675
1.520664,16225584429213156,1,0.3376414,0.8081664,-0.7863129,26.61096,158.3269,309.0765
1.520664,16225584429213156,2,0.08053802,0.8541612,-1.135509,31.08127,167.1198,14.94137
1.520664,16225584429213156,3,0.1466497,1.664398,-0.9053432,24.66268,186.4172,-8.220381e-07
1.538651,16225584429382711,0,0.1465855,1.664235,-0.9053553,18.95568,175.376,0.5307193
1.538651,16225584429382711,1,0.3378358,0.8076352,-0.7854294,26.77746,158.1898,309.0065
1.538651,16225584429382711,2,0.07908431,0.854017,-1.136344,31.12241,167.3284,14.284
1.538651,16225584429382711,3,0.1465855,1.66423,-0.9053555,24.71701,186.4003,1.057367e-06
1.549696,16225584429532304,0,0.1466212,1.664125,-0.9053615,19.00028,175.3241,0.562245
1.549696,16225584429532304,1,0.3371366,0.80723,-0.785566,26.88667,158.0677,308.9442
1.549696,16225584429532304,2,0.0785416,0.8538429,-1.136742,31.18871,167.4876,13.98436
1.549696,16225584429532304,3,0.1466212,1.664124,-0.9053616,26.48213,183.9416,-2.980808e-07
1.561865,16225584429622063,0,0.1467083,1.664024,-0.9053655,19.04992,175.2722,0.6001949
1.561865,16225584429622063,1,0.3378544,0.8071347,-0.7835648,26.99123,157.9326,308.8796
1.561865,16225584429622063,2,0.07785349,0.8538366,-1.137263,31.27167,167.6969,13.76429
1.561865,16225584429622063,3,0.1467083,1.664032,-0.9053655,26.52631,183.8987,1.431338e-06
1.572047,16225584429711825,0,0.1466681,1.663863,-0.9054447,19.11425,175.2015,0.6377777
1.572047,16225584429711825,1,0.3381262,0.8069419,-0.7827471,27.08181,157.8073,308.8365
1.572047,16225584429711825,2,0.07699993,0.8537596,-1.137826,31.35674,167.9373,13.56483
1.572047,16225584429711825,3,0.1466682,1.663864,-0.9054448,26.58426,183.8382,1.61107e-06
1.58342,16225584429831506,0,0.1467494,1.663733,-0.9054991,19.16419,175.1221,0.6758788
1.58342,16225584429831506,1,0.3381211,0.8067202,-0.782408,27.17269,157.6633,308.7817
1.58342,16225584429831506,2,0.07668146,0.8536068,-1.138027,31.42684,168.2361,13.39763
1.58342,16225584429831506,3,0.1467495,1.663727,-0.9054992,26.62786,183.7679,-1.253532e-06
1.59447,16225584429981101,0,0.1469087,1.663585,-0.9055446,19.22197,175.0264,0.6787516
1.59447,16225584429981101,1,0.33834,0.8065654,-0.7817638,27.27424,157.5169,308.7224
1.59447,16225584429981101,2,0.07590449,0.853556,-1.138619,31.47775,168.5603,13.25575
1.59447,16225584429981101,3,0.1469087,1.663605,-0.9055447,26.42989,183.5908,5.958912e-07
1.608671,16225584430110758,0,0.1470505,1.663415,-0.905574,19.27697,174.9446,0.699508
1.608671,16225584430110758,1,0.3384578,0.8063893,-0.7813464,27.35107,157.3931,308.6741
1.608671,16225584430110758,2,0.07534896,0.8535325,-1.139102,31.48639,168.9207,13.12149
1.608671,16225584430110758,3,0.1470506,1.663422,-0.905574,26.41406,183.4913,1.370362e-06
1.622024,16225584430220463,0,0.1471742,1.66322,-0.9056664,19.32513,174.8475,0.7013395
1.622024,16225584430220463,1,0.3391736,0.8060797,-0.7794012,27.46122,157.2001,308.5781
1.622024,16225584430220463,2,0.07428017,0.8535254,-1.139976,31.43579,169.6716,12.86485
1.622024,16225584430220463,3,0.1471742,1.663223,-0.9056664,26.46128,183.3979,8.940807e-07
1.633296,16225584430325253,0,0.147343,1.663031,-0.9057623,19.38598,174.7531,0.7092707
1.633296,16225584430325253,1,0.3392493,0.8059514,-0.7790501,27.49694,157.1256,308.5452
1.633296,16225584430325253,2,0.0733353,0.8536872,-1.140933,31.38177,170.0725,12.72134
1.633296,16225584430325253,3,0.147343,1.663025,-0.9057624,26.51983,183.3092,2.146886e-06
1.656261,16225584430554636,0,0.1476685,1.662726,-0.9060038,19.49081,174.563,0.7104278
1.656261,16225584430554636,1,0.3391033,0.8059463,-0.7787857,27.58675,156.9527,308.4366
1.656261,16225584430554636,2,0.0717984,0.8542169,-1.142704,31.2068,170.946,12.32586
1.656261,16225584430564606,3,0.1476686,1.66272,-0.906004,26.63516,183.137,4.775665e-07
1.679855,16225584430803967,0,0.1480027,1.662352,-0.9062318,19.62514,174.3698,0.7232168
1.679855,16225584430803967,1,0.3391944,0.805819,-0.7780966,27.67173,156.7976,308.3697
1.679855,16225584430803967,2,0.0702109,0.8550727,-1.145219,30.89391,171.9003,11.87929
1.679855,16225584430803967,3,0.1480027,1.662354,-0.9062319,26.76607,182.9644,4.183512e-07
1.69118,16225584430943595,0,0.1481754,1.662151,-0.9063888,19.71218,174.2827,0.7124124
1.69118,16225584430943595,1,0.3392252,0.8057086,-0.7778759,27.71368,156.715,308.3397
1.69118,16225584430943595,2,0.06921324,0.8556538,-1.146662,30.67284,172.4021,11.7023
1.69118,16225584430943595,3,0.1481754,1.662155,-0.9063888,26.50692,183.0955,-1.609983e-06
1.706669,16225584431063276,0,0.1483995,1.661948,-0.9065294,19.7963,174.1956,0.7068934
1.706669,16225584431063276,1,0.3398694,0.805705,-0.7764159,27.77122,156.6069,308.3035
1.706669,16225584431063276,2,0.06830457,0.8563612,-1.148331,30.36124,173.0222,11.53264
1.706669,16225584431063276,3,0.1483995,1.661942,-0.9065295,26.59027,183.0142,8.354133e-07
1.727935,16225584431282687,0,0.1489441,1.661251,-0.9070082,20.08644,174.0418,0.6746752
1.727935,16225584431282687,1,0.3401765,0.8053093,-0.7752178,27.89969,156.3611,308.1828
1.727935,16225584431282687,2,0.06602954,0.8582503,-1.15239,29.71548,174.4381,11.24918
1.727935,16225584431282687,3,0.1489441,1.661255,-0.9070082,28.00595,179.3508,9.065737e-08
1.738983,16225584431392394,0,0.1490617,1.661051,-0.9072112,20.17497,173.9903,0.6946703
1.738983,16225584431392394,1,0.3401011,0.8050488,-0.7748207,27.96704,156.2482,308.115
1.738983,16225584431392394,2,0.06488628,0.8590738,-1.154799,29.46266,175.2344,11.11346
1.738983,16225584431392394,3,0.1490618,1.661057,-0.9072113,28.09246,179.3068,-7.863293e-07
1.749833,16225584431492134,0,0.1491522,1.660898,-0.907463,20.26195,173.9797,0.7601053
1.749833,16225584431492134,1,0.3400868,0.8049189,-0.7746167,28.02564,156.1576,308.0677
1.749833,16225584431492134,2,0.0634002,0.8600233,-1.157003,29.21229,176.0281,10.94132
1.749833,16225584431492134,3,0.1491522,1.660919,-0.9074631,28.17416,179.3105,-5.447971e-07
1.761141,16225584431611810,0,0.149221,1.66078,-0.9076831,20.36149,173.9869,0.8456715
1.761141,16225584431611810,1,0.3397883,0.8049649,-0.7751812,28.10175,156.0728,308.0006
1.761141,16225584431611810,2,0.06260327,0.8609121,-1.158677,28.91926,176.8038,10.7806
1.761141,16225584431611810,3,0.149221,1.660782,-0.9076833,28.08942,179.6728,5.97291e-07
1.771846,16225584431721514,0,0.1492877,1.660642,-0.9078957,20.4594,174.0069,0.9477749
1.771846,16225584431721514,1,0.3395587,0.8051753,-0.7750111,28.17238,156.0001,307.9535
1.771846,16225584431721514,2,0.06160627,0.8620749,-1.160494,28.5186,177.4265,10.7636
1.771846,16225584431721514,3,0.1492878,1.660645,-0.9078957,28.17736,179.7133,1.664708e-07
1.788423,16225584431891059,0,0.1493239,1.660476,-0.9080997,20.56503,174.0235,1.046456
1.788423,16225584431891059,1,0.3398771,0.8052269,-0.7739936,28.2389,155.9493,307.9067
1.788423,16225584431891059,2,0.06105758,0.8630949,-1.161889,28.05593,177.9336,10.81679
1.788423,16225584431891059,3,0.1493239,1.660477,-0.9080997,28.27319,179.7503,-9.315588e-07
1.800758,16225584432020716,0,0.1493074,1.660319,-0.9083998,20.6566,174.0222,1.126041
1.800758,16225584432020716,1,0.3402435,0.8048815,-0.7725075,28.35506,155.846,307.8378
1.800758,16225584432020716,2,0.05980943,0.8654956,-1.164912,27.08681,178.3277,10.96303
1.800758,16225584432020716,3,0.1493074,1.660324,-0.9083999,28.35707,179.7659,-9.70192e-07
1.816255,16225584432155422,0,0.1493972,1.660141,-0.90881,20.79616,174.0136,1.204092
1.816255,16225584432155422,1,0.3402986,0.8047762,-0.7722387,28.43382,155.7908,307.8098
1.816255,16225584432155422,2,0.05957529,0.8669009,-1.166789,26.49629,178.2799,11.00734
1.816255,16225584432155422,3,0.1493972,1.660141,-0.9088101,28.48838,179.7765,-2.20082e-07
1.827835,16225584432275101,0,0.1494738,1.660092,-0.9090329,20.82862,174.0103,1.195004
1.827835,16225584432275101,1,0.340157,0.8047231,-0.7723911,28.49512,155.7384,307.7971
1.827835,16225584432275101,2,0.05969874,0.8686903,-1.168974,25.82549,178.1443,11.01989
1.827835,16225584432275101,3,0.1494739,1.660095,-0.909033,28.18225,180.0186,1.454794e-06
1.838999,16225584432414726,0,0.1495834,1.660071,-0.9093233,20.85877,174.0085,1.181684
1.838999,16225584432414726,1,0.340524,0.8046376,-0.7719094,28.56604,155.6941,307.7798
1.838999,16225584432414726,2,0.06040467,0.870424,-1.170917,25.24752,178.0237,11.01727
1.838999,16225584432414726,3,0.1495834,1.660065,-0.9093234,27.52489,180.4756,-1.090611e-06
1.85202,16225584432534404,0,0.1496884,1.660005,-0.9095914,20.88168,174.0178,1.158977
1.85202,16225584432534404,1,0.3405349,0.8045723,-0.7719873,28.62008,155.6633,307.7682
1.85202,16225584432534404,2,0.06083589,0.8720385,-1.172915,24.77326,177.9593,11.0252
1.85202,16225584432534404,3,0.1496884,1.660004,-0.9095915,27.58516,180.4416,-1.189043e-06
1.868327,16225584432703950,0,0.1498508,1.659964,-0.9098215,20.90215,174.0106,1.141578
1.868327,16225584432703950,1,0.3400283,0.8044353,-0.7728848,28.68465,155.6481,307.752
1.868327,16225584432703950,2,0.06079746,0.8736116,-1.175087,24.33373,177.9495,11.05326
1.868327,16225584432703950,3,0.1498508,1.659958,-0.9098216,27.62561,180.3682,-7.076664e-07
1.880794,16225584432803685,0,0.1499646,1.659888,-0.910097,20.9334,174.0,1.128467
1.880794,16225584432803685,1,0.3398446,0.8042642,-0.7725257,28.78096,155.6281,307.6959
1.880794,16225584432803685,2,0.06095026,0.8758984,-1.177993,23.61967,178.0015,11.20312
1.880794,16225584432803685,3,0.1499646,1.659882,-0.9100971,27.65798,180.3578,-4.518358e-07
1.901675,16225584433023097,0,0.1501618,1.659784,-0.91071,21.00306,173.9615,1.086904
1.901675,16225584433023097,1,0.3397648,0.8043013,-0.773096,28.86708,155.6482,307.6286
1.901675,16225584433023097,2,0.06232879,0.8786681,-1.180687,22.43941,177.7945,11.75238
1.901675,16225584433023097,3,0.1501618,1.65979,-0.91071,27.71241,180.3413,2.260305e-07
1.912984,16225584433132805,0,0.1502601,1.65973,-0.9110132,21.03626,173.9365,1.062167
1.912984,16225584433132805,1,0.3401242,0.8041351,-0.7722492,28.9105,155.6408,307.5763
1.912984,16225584433132805,2,0.06282702,0.8801957,-1.182111,21.75984,177.5374,12.01963
1.912984,16225584433132805,3,0.1502602,1.659729,-0.9110133,27.72584,180.2934,-2.403753e-06
1.923622,16225584433232545,0,0.1504113,1.65968,-0.9112691,21.07346,173.9223,1.058137
1.923622,16225584433232545,1,0.3401763,0.8040557,-0.7725663,28.94253,155.6227,307.543
1.923622,16225584433232545,2,0.06356297,0.8817856,-1.183569,21.07039,177.241,12.18121
1.923622,16225584433232545,3,0.1504113,1.659698,-0.9112692,27.76418,180.2808,-1.085462e-06
1.938154,16225584433382139,0,0.1505022,1.659652,-0.911587,21.1165,173.9027,1.05433
1.938154,16225584433382139,1,0.3401386,0.8040115,-0.7730486,28.96879,155.6065,307.5215
1.938154,16225584433382139,2,0.06425885,0.8833761,-1.185012,20.43776,176.9772,12.24183
1.938154,16225584433382139,3,0.1505023,1.659653,-0.9115871,27.80646,180.2632,1.809807e-07
1.957349,16225584433571632,0,0.1508161,1.659517,-0.9120361,21.17005,173.8318,1.046312
1.957349,16225584433571632,1,0.340625,0.8040727,-0.7727464,29.00234,155.5083,307.4571
1.957349,16225584433571632,2,0.06544092,0.8867002,-1.188225,19.31703,176.7028,12.20864
1.957349,16225584433571632,3,0.1508162,1.659515,-0.9120361,27.67803,180.2079,1.901824e-06
1.967744,16225584433671371,0,0.1510722,1.65952,-0.9122524,21.19891,173.8123,1.032442
1.967744,16225584433671371,1,0.3406398,0.8041007,-0.7733895,29.0103,155.441,307.4198
1.967744,16225584433671371,2,0.06573209,0.8882715,-1.189975,18.92042,176.754,12.22157
1.967744,16225584433671371,3,0.1510722,1.659515,-0.9122525,27.70801,180.1883,8.777162e-07
1.977764,16225584433791044,0,0.1512549,1.659474,-0.9124629,21.22314,173.7819,1.019773
1.977764,16225584433791044,1,0.3414344,0.8041507,-0.7722363,29.01495,155.3762,307.3968
1.977764,16225584433791044,2,0.06623526,0.8894884,-1.191309,18.62238,176.9003,12.32162
1.977764,16225584433791044,3,0.151255,1.65947,-0.912463,27.65691,180.1865,-1.363024e-06
1.988195,16225584433890777,0,0.1514799,1.659474,-0.9126949,21.25064,173.783,1.018307
1.988195,16225584433890777,1,0.3416589,0.8042168,-0.7724013,29.01938,155.3187,307.386
1.988195,16225584433890777,2,0.06665207,0.8902926,-1.192262,18.36625,177.0854,12.44409
1.988195,16225584433890777,3,0.1514799,1.65947,-0.9126951,27.68436,180.1889,-5.98827e-07
1.999594,16225584433990512,0,0.1516583,1.659465,-0.9129164,21.26961,173.7813,1.045265
1.999594,16225584433990512,1,0.341612,0.8041262,-0.7729976,29.04117,155.2601,307.3884
1.999594,16225584433990512,2,0.06678327,0.8911601,-1.193217,18.11132,177.3178,12.52933
1.999594,16225584433990512,3,0.1516584,1.65947,-0.9129165,27.83286,180.1295,8.787242e-07
2.010576,16225584434105265,0,0.1518423,1.659479,-0.9131725,21.27625,173.7784,1.071578
2.010576,16225584434105265,1,0.3417912,0.8042105,-0.7729341,29.05733,155.194,307.3865
2.010576,16225584434105265,2,0.06642335,0.8920139,-1.19438,17.8511,177.5703,12.53411
2.010576,16225584434105265,3,0.1518423,1.659485,-0.9131725,27.8368,180.1303,2.240262e-06
2.023545,16225584434234919,0,0.1519422,1.659513,-0.9133273,21.29717,173.7618,1.098776
2.023545,16225584434234919,1,0.3417929,0.804291,-0.7735075,29.06017,155.1494,307.3958
2.023545,16225584434234919,2,0.06637581,0.8927354,-1.195145,17.56591,177.8011,12.50962
2.023545,16225584434234919,3,0.1519422,1.659515,-0.9133274,27.85461,180.1184,-7.148137e-07
2.036288,16225584434364573,0,0.1521117,1.659524,-0.9134872,21.30429,173.7544,1.128512
2.036288,16225584434364573,1,0.3421798,0.8044384,-0.773397,29.04982,155.1115,307.3918
2.036288,16225584434364573,2,0.06641106,0.8935726,-1.195851,17.11957,178.0338,12.48711
2.036288,16225584434364573,3,0.1521117,1.659531,-0.9134873,27.6132,180.158,-5.043434e-07
2.056612,16225584434603931,0,0.1525175,1.659603,-0.9137899,21.32816,173.7121,1.186527
2.056612,16225584434603931,1,0.3421481,0.8046002,-0.7744998,28.97841,155.0732,307.3834
2.056612,16225584434603931,2,0.06644799,0.8957573,-1.197645,16.12275,178.4218,12.45939
2.056612,16225584434603931,3,0.1525175,1.659607,-0.9137899,27.63076,180.1241,-3.387925e-07
2.06889,16225584434683721,0,0.1527019,1.659636,-0.9139845,21.32551,173.6891,1.196221
2.06889,16225584434683721,1,0.3420271,0.8047116,-0.7753159,28.93821,155.0726,307.3746
2.06889,16225584434683721,2,0.0665557,0.8968259,-1.198543,15.66196,178.5876,12.45132
2.06889,16225584434683721,3,0.1527019,1.659637,-0.9139846,27.62699,180.1021,5.251102e-07
2.089255,16225584434903130,0,0.1530655,1.659678,-0.9142992,21.31319,173.6352,1.175194
2.089255,16225584434903130,1,0.3426493,0.805019,-0.775888,28.90208,155.0799,307.368
2.089255,16225584434903130,2,0.06682338,0.8989333,-1.200134,14.75332,179.0183,12.50378
2.089255,16225584434903130,3,0.1530655,1.659698,-0.9142993,27.64245,180.4289,-1.957677e-07
2.101546,16225584435012839,0,0.1532779,1.6597,-0.9144688,21.31675,173.6151,1.154091
2.101546,16225584435012839,1,0.3426844,0.8052211,-0.7768781,28.90212,155.0799,307.368
2.101546,16225584435022812,2,0.06669311,0.9000269,-1.200863,14.32582,179.2491,12.50313
2.101546,16225584435022812,3,0.1532779,1.659698,-0.9144689,27.64719,180.4064,8.508732e-07
2.111799,16225584435152466,0,0.1534403,1.659763,-0.9146638,21.32112,173.5862,1.143997
2.111799,16225584435152466,1,0.3430489,0.8050186,-0.7765275,28.88874,155.0809,307.3824
2.111799,16225584435152466,2,0.06637768,0.901142,-1.201771,13.89249,179.4636,12.43556
2.111799,16225584435152466,3,0.1534403,1.65976,-0.9146639,27.43488,180.2638,-8.56746e-07
2.125252,16225584435262171,0,0.1536336,1.659748,-0.9148552,21.32833,173.5595,1.126852
2.125252,16225584435262171,1,0.3430604,0.8050344,-0.7771993,28.86581,155.0718,307.4008
2.125252,16225584435262171,2,0.06625363,0.9021605,-1.202496,13.475,179.6338,12.33311
2.125252,16225584435262171,3,0.1536337,1.659744,-0.9148553,27.44388,180.2356,5.900003e-07
2.135953,16225584435361903,0,0.1538232,1.659771,-0.9150057,21.3303,173.5217,1.102332
2.135953,16225584435361903,1,0.3432261,0.8051777,-0.7769523,28.83032,155.0441,307.4156
2.135953,16225584435361903,2,0.06612389,0.9034064,-1.203212,12.96284,179.7483,12.16401
2.135953,16225584435361903,3,0.1538232,1.659775,-0.9150058,27.44885,180.1951,-6.313666e-07
2.155752,16225584435551398,0,0.154266,1.659873,-0.9152894,21.34407,173.4428,1.061877
2.155752,16225584435551398,1,0.3435416,0.8053149,-0.7781013,28.7441,154.9655,307.4132
2.155752,16225584435551398,2,0.06658973,0.9060077,-1.204765,11.97241,179.7469,12.13741
2.155752,16225584435551398,3,0.1542661,1.659866,-0.9152895,27.51985,179.9706,-6.284832e-07
2.166916,16225584435671079,0,0.1544528,1.659905,-0.9154418,21.34517,173.4162,1.046268
2.166916,16225584435671079,1,0.3436294,0.8054224,-0.7788653,28.70023,154.9253,307.4111
2.166916,16225584435671079,2,0.06722532,0.9071183,-1.205394,11.557,179.6347,12.35538
2.166916,16225584435671079,3,0.1544529,1.659912,-0.9154418,27.68262,179.779,-2.109042e-07
2.179262,16225584435800733,0,0.1546263,1.659927,-0.9155438,21.35668,173.368,1.014634
2.179262,16225584435800733,1,0.3440738,0.805712,-0.7788345,28.67072,154.8854,307.422
2.179262,16225584435800733,2,0.06749952,0.9082744,-1.206156,11.14668,179.4591,12.63437
2.179262,16225584435800733,3,0.1546263,1.659943,-0.9155439,27.45025,179.8274,-4.021254e-07
2.199723,16225584435990224,0,0.1550048,1.659919,-0.9158454,21.38194,173.3296,0.9817414
2.199723,16225584435990224,1,0.3434822,0.805851,-0.7807883,28.61792,154.8029,307.4506
2.199723,16225584435990224,2,0.06847194,0.910449,-1.207366,10.24286,178.9741,13.16275
2.199723,16225584435990224,3,0.1550048,1.659912,-0.9158455,27.47769,179.7866,-6.052178e-07
2.221099,16225584436214694,0,0.1552412,1.659965,-0.9161804,21.39396,173.3205,0.9817781
2.221099,16225584436214694,1,0.3438519,0.8060293,-0.7817377,28.5491,154.7466,307.4745
2.221099,16225584436214694,2,0.06972268,0.9127104,-1.208683,9.48439,178.475,13.4841
2.221099,16225584436214694,3,0.1552412,1.659958,-0.9161804,27.44518,179.7499,7.290536e-07
2.232808,16225584436334372,0,0.1553919,1.659971,-0.9163021,21.40083,173.3198,0.9911364
2.232808,16225584436334372,1,0.3443624,0.8061243,-0.7815806,28.50831,154.7325,307.4813
2.232808,16225584436334372,2,0.07011166,0.9138376,-1.209394,9.182465,178.2646,13.57228
2.232808,16225584436334372,3,0.1553919,1.659973,-0.9163021,27.45149,179.7506,-4.35954e-07
2.244409,16225584436444081,0,0.1555731,1.659965,-0.9164534,21.40578,173.3103,1.018567
2.244409,16225584436444081,1,0.3443807,0.806217,-0.7823333,28.46187,154.7296,307.4973
2.244409,16225584436444081,2,0.07083392,0.9147508,-1.209866,8.940276,178.0805,13.6111
2.244409,16225584436444081,3,0.1555731,1.659958,-0.9164535,27.40419,179.6694,-4.432804e-07
2.254495,16225584436553788,0,0.1557372,1.659948,-0.9165543,21.39845,173.3165,1.043328
2.254495,16225584436553788,1,0.344413,0.8064107,-0.7823018,28.41773,154.7195,307.5071
2.254495,16225584436553788,2,0.07149366,0.9156595,-1.210387,8.727121,177.9178,13.64362
2.254495,16225584436563760,3,0.1557372,1.659943,-0.9165545,27.47642,179.8105,-9.773592e-07
2.269899,16225584436703391,0,0.1558573,1.659988,-0.9166814,21.41388,173.3113,1.06214
2.269899,16225584436703391,1,0.3442897,0.8065255,-0.7829754,28.37594,154.7218,307.523
2.269899,16225584436703391,2,0.0722436,0.9163867,-1.210777,8.576691,177.7996,13.67037
2.269899,16225584436703391,3,0.1558573,1.659988,-0.9166815,27.49004,179.8083,-7.218313e-07
2.289465,16225584436892881,0,0.1560926,1.659978,-0.9169888,21.4261,173.2912,1.117152
2.289465,16225584436892881,1,0.3443822,0.8065001,-0.7834306,28.31536,154.7799,307.5641
2.289465,16225584436892881,2,0.07308799,0.9176162,-1.211843,8.453276,177.643,13.51176
2.289465,16225584436892881,3,0.1560926,1.659973,-0.9169889,27.25052,179.8409,-5.251975e-07
2.301022,16225584437012561,0,0.156236,1.659989,-0.917025,21.42615,173.2764,1.137115
2.301022,16225584437012561,1,0.3441578,0.8063639,-0.784274,28.3154,154.7799,307.5641
2.301022,16225584437012561,2,0.07341123,0.9180099,-1.212442,8.447886,177.6134,13.38403
2.301022,16225584437012561,3,0.156236,1.659988,-0.917025,27.24868,179.8284,-1.204183e-06
2.312701,16225584437122263,0,0.1563517,1.659984,-0.9171263,21.41812,173.2468,1.167664
2.312701,16225584437122263,1,0.3441678,0.8064258,-0.7849193,28.31536,154.7799,307.5641
2.312701,16225584437122263,2,0.07394338,0.9182611,-1.212752,8.478889,177.621,13.28989
2.312701,16225584437122263,3,0.1563518,1.659988,-0.9171264,27.23766,179.8017,1.924252e-06
2.327461,16225584437271868,0,0.1565094,1.659977,-0.9171498,21.41327,173.232,1.195854
2.327461,16225584437271868,1,0.3440017,0.8063892,-0.7857045,28.31537,154.7799,307.5641
2.327461,16225584437271868,2,0.07415208,0.9184682,-1.213154,8.541379,177.6503,13.24024
2.327461,16225584437271868,3,0.1565095,1.659973,-0.9171498,27.22943,179.7898,-2.385445e-06
2.33875,16225584437391555,0,0.1566413,1.660006,-0.9172171,21.41568,173.2052,1.207064
2.33875,16225584437391555,1,0.3441649,0.8062187,-0.7856697,28.33101,154.7623,307.5637
2.33875,16225584437391555,2,0.07461292,0.9184445,-1.213239,8.633073,177.6997,13.18963
2.33875,16225584437391555,3,0.1566413,1.660004,-0.9172173,27.22465,179.8877,-5.063227e-07
2.349878,16225584437491284,0,0.1568362,1.660041,-0.9173521,21.41514,173.1802,1.262481
2.349878,16225584437491284,1,0.3439508,0.8060592,-0.7865568,28.34469,154.7444,307.5676
2.349878,16225584437491284,2,0.07471447,0.9183376,-1.213705,8.758675,177.7773,13.14474
2.349878,16225584437491284,3,0.1568362,1.660049,-0.9173521,27.21866,179.8688,-1.44388e-06
2.361289,16225584437610963,0,0.1568995,1.66003,-0.9174021,21.4145,173.1667,1.276567
2.361289,16225584437610963,1,0.34405,0.8061107,-0.7862865,28.37331,154.7107,307.543
2.361289,16225584437610963,2,0.07500936,0.9181308,-1.21381,8.87696,177.8603,13.16704
2.361289,16225584437610963,3,0.1568995,1.660049,-0.9174023,27.21708,179.8568,-1.912645e-06
2.371566,16225584437710695,0,0.1569748,1.66005,-0.917449,21.39645,173.1644,1.295229
2.371566,16225584437710695,1,0.3440934,0.8062191,-0.7865293,28.40873,154.6845,307.5151
2.371566,16225584437710695,2,0.07519919,0.9178947,-1.213797,8.981266,177.9303,13.19668
2.371566,16225584437710695,3,0.1569749,1.660049,-0.9174491,27.19612,179.8554,8.211576e-07
2.382847,16225584437830375,0,0.1570467,1.660063,-0.9174861,21.3869,173.1571,1.297242
2.382847,16225584437830375,1,0.3439047,0.8061915,-0.7871672,28.43333,154.6645,307.4991
2.382847,16225584437830375,2,0.07502548,0.9177127,-1.214215,9.095821,177.9625,13.17228
2.382847,16225584437830375,3,0.1570468,1.660065,-0.9174862,27.00791,179.799,6.513308e-07
2.395205,16225584437945143,0,0.1571146,1.66009,-0.9175397,21.37616,173.1479,1.296034
2.395205,16225584437945143,1,0.343949,0.8059413,-0.7868704,28.46082,154.6324,307.4733
2.395205,16225584437945143,2,0.07507235,0.9174383,-1.214356,9.21467,177.9836,13.13783
2.395205,16225584437945143,3,0.1571146,1.660095,-0.9175398,26.99751,179.789,-7.48587e-07
2.417012,16225584438224397,0,0.1572179,1.660104,-0.9176105,21.35969,173.1135,1.273641
2.417012,16225584438224397,1,0.3440154,0.8058025,-0.7863892,28.49588,154.5777,307.4498
2.417012,16225584438224397,2,0.07527083,0.9166552,-1.214255,9.408669,178.0051,13.15219
2.417012,16225584438224397,3,0.1572179,1.66011,-0.9176106,26.98363,179.7512,-8.981934e-08
2.43333,16225584438344074,0,0.1572807,1.660121,-0.917635,21.35158,173.1005,1.260865
2.43333,16225584438344074,1,0.3438726,0.8057357,-0.7866906,28.52141,154.5553,307.4379
2.43333,16225584438344074,2,0.07540229,0.9162537,-1.214115,9.507895,178.007,13.20811
2.43333,16225584438344074,3,0.1572808,1.660126,-0.9176351,26.97689,179.7364,-7.484497e-08
2.444257,16225584438433836,0,0.1573024,1.660136,-0.9176556,21.33657,173.0782,1.225212
2.444257,16225584438433836,1,0.3433474,0.8056933,-0.787787,28.53399,154.5465,307.4446
2.444257,16225584438433836,2,0.07566847,0.9153982,-1.213717,9.765191,177.9706,13.2779
2.444257,16225584438433836,3,0.1573025,1.660141,-0.9176556,26.96584,179.7094,-1.025275e-06
2.454651,16225584438553514,0,0.1573446,1.660162,-0.9176738,21.32903,173.0597,1.218604
2.454651,16225584438553514,1,0.3436761,0.805431,-0.7865899,28.53395,154.5466,307.4447
2.454651,16225584438553514,2,0.07574873,0.914962,-1.213526,9.898633,177.9335,13.29982
2.454651,16225584438553514,3,0.1573447,1.660156,-0.9176739,26.95847,179.6897,-1.242223e-06
2.464865,16225584438643275,0,0.1573405,1.660215,-0.9177171,21.31404,173.0464,1.198239
2.464865,16225584438643275,1,0.3434739,0.8053462,-0.786819,28.53399,154.5466,307.4447
2.464865,16225584438643275,2,0.07586344,0.9144453,-1.213182,10.02209,177.8715,13.33477
2.464865,16225584438643275,3,0.1573405,1.660217,-0.9177172,26.87894,179.7556,-1.83211e-07
2.475805,16225584438752985,0,0.1573818,1.660246,-0.9177264,21.3088,173.0373,1.208378
2.475805,16225584438752985,1,0.3433841,0.8052695,-0.7868817,28.53397,154.5466,307.4447
2.475805,16225584438752985,2,0.075775,0.9141417,-1.213095,10.13315,177.8071,13.37624
2.475805,16225584438752985,3,0.1573818,1.660248,-0.9177265,26.87261,179.7473,-1.884351e-06
2.489986,16225584438932506,0,0.1574016,1.660306,-0.9177424,21.30606,173.0202,1.19889
2.489986,16225584438932506,1,0.3431075,0.8052427,-0.7874024,28.53402,154.5466,307.4447
2.489986,16225584438932506,2,0.07583328,0.9137871,-1.21284,10.2261,177.7471,13.41733
2.489986,16225584438932506,3,0.1574016,1.660309,-0.9177424,26.85136,179.8875,-9.719031e-07
2.500853,16225584439022263,0,0.1574576,1.660355,-0.9177796,21.29862,173.013,1.20471
2.500853,16225584439022263,1,0.342843,0.805123,-0.7875539,28.55325,154.5286,307.4435
2.500853,16225584439022263,2,0.07553676,0.913514,-1.212804,10.30592,177.6807,13.44937
2.500853,16225584439022263,3,0.1574577,1.660355,-0.9177796,26.89275,179.9825,-2.430647e-07
2.514763,16225584439161890,0,0.1574861,1.660401,-0.9178115,21.2918,172.9841,1.215434
2.514763,16225584439161890,1,0.3427163,0.8050562,-0.7877016,28.56975,154.4845,307.438
2.514763,16225584439161890,2,0.07551894,0.9131444,-1.212477,10.3656,177.5822,13.51167
2.514763,16225584439161890,3,0.1574862,1.6604,-0.9178116,27.06487,179.9767,8.370476e-07
2.52784,16225584439271603,0,0.1576034,1.660558,-0.9179027,21.25211,172.9426,1.220897
2.52784,16225584439271603,1,0.342455,0.8050385,-0.788234,28.57656,154.4412,307.4441
2.52784,16225584439271603,2,0.0756121,0.9128712,-1.212201,10.40532,177.4978,13.5781
2.52784,16225584439271603,3,0.1576035,1.660553,-0.9179028,27.02459,179.9334,5.597036e-07
2.53842,16225584439381309,0,0.1576132,1.660632,-0.9179926,21.21992,172.929,1.229451
2.53842,16225584439381309,1,0.3421963,0.8052069,-0.7883906,28.57813,154.399,307.4506
2.53842,16225584439381309,2,0.0755914,0.9126242,-1.211923,10.38226,177.4498,13.58291
2.53842,16225584439381309,3,0.1576132,1.660629,-0.9179927,26.9918,179.9187,1.852658e-07
2.5514,16225584439520929,0,0.1576661,1.660702,-0.918065,21.1871,172.9085,1.226851
2.5514,16225584439520929,1,0.3417407,0.8049655,-0.7887037,28.57614,154.3354,307.4422
2.5514,16225584439520929,2,0.07557747,0.9125264,-1.21171,10.33026,177.4354,13.59383
2.5514,16225584439520929,3,0.1576662,1.660706,-0.9180651,26.95987,179.8959,1.049542e-06
2.572139,16225584439720402,0,0.1577898,1.660808,-0.9182551,21.12268,172.8513,1.239569
2.572139,16225584439720402,1,0.3408967,0.8046644,-0.7899045,28.57808,154.1727,307.4227
2.572139,16225584439720402,2,0.07537864,0.9123834,-1.211571,10.16946,177.4394,13.72726
2.572139,16225584439720402,3,0.1577898,1.660812,-0.9182552,26.91822,179.8235,-1.458718e-07
2.583915,16225584439835289,0,0.1578148,1.660847,-0.91837,21.1016,172.8232,1.256249
2.583915,16225584439835289,1,0.3404736,0.8045614,-0.7906108,28.58723,154.0826,307.4123
2.583915,16225584439835289,2,0.07477202,0.9124377,-1.211575,10.01566,177.4244,13.58058
2.583915,16225584439835289,3,0.1578148,1.660843,-0.9183701,26.89498,179.7959,8.93748e-07
2.604902,16225584440044611,0,0.1578418,1.660923,-0.9185683,21.07187,172.7657,1.294499
2.604902,16225584440044611,1,0.340706,0.8049687,-0.7898971,28.63304,153.9408,307.4009
2.604902,16225584440044611,2,0.07445733,0.9128106,-1.211302,9.517244,177.252,13.09754
2.604902,16225584440044611,3,0.1578419,1.660919,-0.9185683,26.86114,179.7408,1.136477e-06
2.616129,16225584440164283,0,0.1578284,1.660918,-0.9186792,21.0648,172.7332,1.329172
2.616129,16225584440164283,1,0.3403503,0.8049845,-0.7903293,28.64837,153.8962,307.4045
2.616129,16225584440164283,2,0.07477385,0.9131082,-1.211496,9.236511,177.1171,13.10804
2.616129,16225584440164283,3,0.1578284,1.660919,-0.9186794,26.85045,179.7116,2.743735e-06
2.62879,16225584440300365,0,0.1578281,1.66091,-0.9187394,21.07209,172.6925,1.35182
2.62879,16225584440300365,1,0.3398214,0.8049522,-0.7909764,28.65839,153.8686,307.4044
2.62879,16225584440300365,2,0.07546794,0.9135405,-1.2113,8.852253,177.0162,13.41851
2.62879,16225584440300365,3,0.1578282,1.660919,-0.9187395,26.85558,179.6738,-5.383048e-07
2.64567,16225584440459940,0,0.157823,1.660883,-0.9188435,21.07863,172.6572,1.375938
2.64567,16225584440459940,1,0.3396106,0.8047122,-0.7904665,28.67156,153.8493,307.391
2.64567,16225584440459940,2,0.07562581,0.9142317,-1.211348,8.411963,176.9751,13.83821
2.64567,16225584440459940,3,0.157823,1.660889,-0.9188436,26.85341,179.5748,2.915763e-07
2.663181,16225584440619512,0,0.1579154,1.660821,-0.918954,21.10489,172.5759,1.418619
2.663181,16225584440629485,1,0.3395097,0.8045053,-0.7888441,28.77916,153.8592,307.3539
2.663181,16225584440629485,2,0.07487267,0.9162545,-1.212493,7.645513,177.0048,14.39795
2.663181,16225584440629485,3,0.1579154,1.660828,-0.9189541,26.87871,179.3468,-1.869496e-06
2.67426,16225584440769109,0,0.1579174,1.660743,-0.918992,21.11834,172.531,1.442158
2.67426,16225584440769109,1,0.3395097,0.8045053,-0.7888441,28.77917,153.8592,307.3539
2.67426,16225584440769109,2,0.07487267,0.9162545,-1.212493,7.645514,177.0048,14.39795
2.67426,16225584440769109,3,0.1579175,1.660736,-0.9189922,26.88877,179.3053,8.37609e-07
2.687285,16225584440878814,0,0.1578774,1.66072,-0.9190588,21.12144,172.5112,1.457299
2.687285,16225584440878814,1,0.3386482,0.8042989,-0.7895164,28.84838,153.8914,307.3643
2.687285,16225584440878814,2,0.07434209,0.9164846,-1.213431,7.845994,177.1563,14.37217
2.687285,16225584440878814,3,0.1578774,1.660721,-0.9190589,26.89062,179.2873,-9.57283e-07
2.704535,16225584441038393,0,0.1577795,1.660817,-0.9193155,21.09161,172.4802,1.468521
2.704535,16225584441048363,1,0.3378145,0.8041154,-0.7889003,28.94921,153.9246,307.3838
2.704535,16225584441048363,2,0.07337843,0.9161323,-1.213615,8.199831,177.4268,14.24782
2.704535,16225584441048363,3,0.1577795,1.660812,-0.9193155,26.85948,179.2558,-1.510296e-06
2.716089,16225584441158072,0,0.1576953,1.660894,-0.9194437,21.05915,172.4718,1.466306
2.716089,16225584441158072,1,0.3377053,0.8039968,-0.7881885,29.00207,153.9389,307.3845
2.716089,16225584441158072,2,0.07298014,0.9158317,-1.213825,8.414725,177.5496,14.24727
2.716089,16225584441158072,3,0.1576954,1.660889,-0.9194438,26.82746,179.2453,-2.092888e-07
2.729004,16225584441287722,0,0.1711451,1.65087,-4.125107,21.07652,172.4777,1.473228
2.729004,16225584441287722,1,0.3508156,0.7938488,-3.993859,29.04373,153.9476,307.3685
2.729004,16225584441287722,2,0.08620654,0.9053562,-4.419494,8.612226,177.6218,14.29729
2.729004,16225584441287722,3,0.1711451,1.650864,-4.125107,26.98807,179.5311,2.634805e-06
2.750004,16225584441517109,0,0.1710262,1.650787,-4.125138,21.14798,172.4648,1.459522
2.750004,16225584441517109,1,0.3502094,0.7922678,-3.994119,29.19288,153.8985,307.2826
2.750004,16225584441517109,2,0.08493605,0.9028787,-4.426284,21.23956,172.687,17.30378
2.750004,16225584441517109,3,0.1710264,1.650787,-4.125139,26.96361,179.6785,-4.041152e-07
2.760891,16225584441606874,0,0.1709036,1.650742,-4.125172,21.1411,172.4388,1.463002
2.760891,16225584441606874,1,0.3491975,0.7931535,-3.994773,29.20814,153.8882,307.283
2.760891,16225584441606874,2,0.09275644,0.8763672,-4.402727,22.73726,171.996,16.95164
2.760891,16225584441606874,3,0.1709036,1.650742,-4.125172,26.9564,179.6524,-4.48988e-08
2.773328,16225584441806337,0,0.1708375,1.650801,-4.12527,21.11669,172.4199,1.470752
2.773328,16225584441806337,1,0.3492562,0.7932605,-3.993552,29.24935,153.8685,307.2856
2.773328,16225584441806337,2,0.09104092,0.8800288,-4.402699,17.75175,173.9784,16.18139
2.773328,16225584441806337,3,0.1708375,1.650803,-4.12527,26.93135,179.6329,-1.054888e-06
2.791765,16225584441955937,0,0.1707559,1.650819,-4.125378,21.09899,172.4126,1.467571
2.791765,16225584441955937,1,0.3489084,0.7933289,-3.993473,29.3079,153.8371,307.2828
2.791765,16225584441955937,2,0.08894102,0.8864269,-4.407272,14.49607,175.2663,15.60625
2.791765,16225584441955937,3,0.170756,1.650818,-4.125378,26.86904,179.5695,-3.514353e-07
2.804902,16225584442065643,0,0.170683,1.650806,-4.125478,21.10198,172.403,1.464314
2.804902,16225584442065643,1,0.3479426,0.7932258,-3.994333,29.41191,153.7835,307.2836
2.804902,16225584442065643,2,0.08644506,0.8962746,-4.414224,11.05034,176.735,14.92705
2.804902,16225584442065643,3,0.170683,1.650803,-4.125479,26.87229,179.5598,3.364903e-07
2.824886,16225584442255137,0,0.170561,1.650696,-4.125624,21.1594,172.3906,1.443093
2.824886,16225584442255137,1,0.3482242,0.7931138,-3.992268,29.5088,153.7397,307.2893
2.824886,16225584442255137,2,0.08530372,0.8982214,-4.415652,10.4256,177.1871,14.81667
2.824886,16225584442255137,3,0.170561,1.650696,-4.125625,27.05153,179.7182,-1.243252e-06
2.836028,16225584442354872,0,0.1704929,1.650642,-4.125678,21.19559,172.3721,1.429398
2.836028,16225584442354872,1,0.3478525,0.7931108,-3.992584,29.54478,153.7288,307.2989
2.836028,16225584442354872,2,0.08512203,0.8981096,-4.415871,10.65667,177.2825,14.87765
2.836028,16225584442354872,3,0.170493,1.650635,-4.125678,27.12542,179.7616,7.456939e-07
2.855195,16225584442564316,0,0.1703758,1.650555,-4.125771,21.25171,172.3252,1.434917
2.855195,16225584442564316,1,0.3477185,0.7927881,-3.991366,29.56484,153.7289,307.3102
2.855195,16225584442564316,2,0.0843395,0.899904,-4.415886,9.864184,177.7191,14.66829
2.855195,16225584442564316,3,0.170376,1.650558,-4.125772,27.05074,179.7295,-1.265712e-06
2.866705,16225584442693963,0,0.1704406,1.650619,-4.125747,21.28287,172.2939,1.438732
2.866705,16225584442693963,1,0.3472161,0.7928003,-3.99195,29.56483,153.7289,307.3102
2.866705,16225584442693963,2,0.08410974,0.9001257,-4.415781,9.88472,177.8037,14.62056
2.866705,16225584442693963,3,0.1704406,1.65062,-4.125747,27.08101,179.7007,8.989726e-07
2.878168,16225584442773751,0,0.1703825,1.650604,-4.125795,21.31698,172.269,1.449234
2.878168,16225584442773751,1,0.3467228,0.7926218,-3.991953,29.56484,153.7289,307.3102
2.878168,16225584442773751,2,0.08406532,0.9010816,-4.415835,9.910079,177.9501,14.59557
2.878168,16225584442773751,3,0.1703826,1.650604,-4.125796,27.11353,179.6792,4.046553e-07
2.889031,16225584442893431,0,0.1703104,1.650568,-4.125814,21.34342,172.2368,1.451864
2.889031,16225584442893431,1,0.3461559,0.7925994,-3.99255,29.55097,153.7256,307.3249
2.889031,16225584442893431,2,0.08376153,0.8998513,-4.416108,10.02908,178.0434,14.59364
2.889031,16225584442893431,3,0.1703104,1.650574,-4.125815,27.13973,179.649,-1.626496e-06
2.910926,16225584443112844,0,0.1702192,1.650537,-4.12589,21.39129,172.2078,1.450116
2.910926,16225584443112844,1,0.3457025,0.793074,-3.992669,29.55096,153.7256,307.325
2.910926,16225584443112844,2,0.08322471,0.8994383,-4.416108,9.692946,178.3394,14.41829
2.910926,16225584443112844,3,0.1702193,1.650543,-4.12589,27.26789,179.7141,3.827037e-07
2.930246,16225584443292367,0,0.170099,1.650481,-4.125926,21.40353,172.2162,1.443314
2.930246,16225584443292367,1,0.3459093,0.7929213,-3.990791,29.59713,153.7491,307.3553
2.930246,16225584443292367,2,0.08285026,0.8990409,-4.415529,9.766944,178.5504,14.44091
2.930246,16225584443302337,3,0.1700992,1.650482,-4.125926,27.28061,179.7226,3.227086e-07
2.956958,16225584443571618,0,0.1698987,1.650399,-4.125986,21.44612,172.2372,1.437376
2.956958,16225584443571618,1,0.3459061,0.7928905,-3.990299,29.64464,153.7817,307.3577
2.956958,16225584443571618,2,0.08192638,0.898689,-4.415456,9.756382,178.5857,14.49005
2.956958,16225584443571618,3,0.1698989,1.650421,-4.125987,27.16813,180.0197,1.088511e-06
2.976804,16225584443781057,0,0.1697814,1.65026,-4.125957,21.50762,172.2898,1.467443
2.976804,16225584443781057,1,0.3451409,0.7926087,-3.990333,29.72862,153.8782,307.3758
2.976804,16225584443781057,2,0.08131674,0.89644,-4.41437,10.17416,178.5001,14.76196
2.976804,16225584443781057,3,0.1697816,1.650253,-4.125958,27.06686,180.5042,-1.782738e-06
2.988797,16225584443900740,0,0.1696826,1.650184,-4.125939,21.55338,172.2929,1.473463
2.988797,16225584443900740,1,0.3447342,0.7925228,-3.990775,29.73764,153.9024,307.3738
2.988797,16225584443900740,2,0.08141704,0.8955729,-4.413752,10.50443,178.4307,14.91488
2.988797,16225584443900740,3,0.1696826,1.650177,-4.12594,27.11135,180.5113,-2.173106e-06
3.005006,16225584444050339,0,0.1694484,1.64997,-4.125934,21.64569,172.2825,1.504746
3.005006,16225584444050339,1,0.3444792,0.7923908,-3.991372,29.75159,153.9156,307.3515
3.005006,16225584444050339,2,0.08158793,0.8946044,-4.413359,10.92932,178.3617,15.0808
3.005006,16225584444050339,3,0.1694485,1.649963,-4.125934,27.03187,180.4618,-3.279813e-06
3.016135,16225584444160045,0,0.1693991,1.649809,-4.125965,21.69346,172.2898,1.514154
3.016135,16225584444160045,1,0.3445962,0.7923131,-3.990742,29.75159,153.9156,307.3515
3.016135,16225584444160045,2,0.08200677,0.8925104,-4.411479,11.47932,178.2767,15.16461
3.016135,16225584444160045,3,0.1693992,1.649811,-4.125966,27.07833,180.4735,-1.857833e-06
3.028017,16225584444284779,0,0.1693071,1.649691,-4.12594,21.7399,172.2857,1.527817
3.028017,16225584444284779,1,0.3443099,0.7922701,-3.991299,29.76663,153.9312,307.3642
3.028017,16225584444284779,2,0.08215959,0.8910474,-4.410471,12.09556,178.2147,15.20357
3.028017,16225584444284779,3,0.1693071,1.649689,-4.125941,26.92913,181.6372,8.379086e-07
3.049248,16225584444504190,0,0.1691105,1.649455,-4.125982,21.85843,172.303,1.551713
3.049248,16225584444504190,1,0.3452591,0.7920976,-3.988999,29.78055,153.9966,307.3918
3.049248,16225584444504190,2,0.08299607,0.8886506,-4.407533,13.12114,177.9339,15.13743
3.049248,16225584444504190,3,0.1691107,1.64946,-4.125983,27.67155,181.8301,-1.325549e-06
3.060973,16225584444603925,0,0.169071,1.649356,-4.126083,21.90511,172.3268,1.572137
3.060973,16225584444603925,1,0.3450946,0.7920232,-3.989426,29.78757,154.035,307.3977
3.060973,16225584444603925,2,0.08334321,0.887142,-4.405826,13.5603,177.6672,15.12371
3.060973,16225584444603925,3,0.1690711,1.649353,-4.126083,27.43904,182.4194,1.322746e-06
3.071864,16225584444723604,0,0.1690718,1.649212,-4.126127,21.95945,172.3497,1.588085
3.071864,16225584444723604,1,0.3452458,0.7919254,-3.989206,29.79998,154.0726,307.397
3.071864,16225584444723604,2,0.08442628,0.8851806,-4.404046,13.97878,177.3516,15.14178
3.071864,16225584444723604,3,0.1690718,1.649216,-4.126128,27.4903,182.4489,9.624442e-07
3.082632,16225584444823340,0,0.1690196,1.649033,-4.126177,22.01514,172.3471,1.591966
3.082632,16225584444823340,1,0.3449911,0.7918804,-3.989887,29.80544,154.1108,307.3885
3.082632,16225584444823340,2,0.08540043,0.8838079,-4.402427,14.38831,176.9705,15.25657
3.082632,16225584444823340,3,0.1690196,1.649033,-4.126177,27.55163,182.3523,-6.620494e-07
3.09406,16225584444943019,0,0.1689705,1.648762,-4.126259,22.0931,172.3256,1.590348
3.09406,16225584444943019,1,0.3452529,0.791899,-3.989226,29.79727,154.1487,307.384
3.09406,16225584444943019,2,0.08663728,0.8825369,-4.400576,14.77652,176.5486,15.45518
3.09406,16225584444943019,3,0.1689705,1.648758,-4.12626,27.35148,182.9192,-1.802316e-06
3.104676,16225584445042754,0,0.1689353,1.648533,-4.126288,22.18778,172.3319,1.603428
3.104676,16225584445042754,1,0.345075,0.7919432,-3.989829,29.78674,154.1827,307.3823
3.104676,16225584445042754,2,0.0877142,0.8814255,-4.398666,15.12071,176.0954,15.68315
3.104676,16225584445042754,3,0.1689354,1.648529,-4.126289,27.38921,182.7021,1.382247e-06
3.115865,16225584445162432,0,0.1688964,1.648326,-4.126361,22.27613,172.343,1.62871
3.115865,16225584445162432,1,0.3454337,0.792001,-3.989487,29.78356,154.2193,307.3774
3.115865,16225584445162432,2,0.08873218,0.8800634,-4.39671,15.36668,175.6271,15.88413
3.115865,16225584445162432,3,0.1688966,1.648331,-4.126361,27.43769,182.7154,1.623349e-06
3.128812,16225584445292086,0,0.168839,1.648155,-4.126428,22.34119,172.3539,1.636519
3.128812,16225584445292086,1,0.3453001,0.7920828,-3.990204,29.7731,154.2497,307.3831
3.128812,16225584445292086,2,0.08965294,0.8787832,-4.3949,15.61681,175.1882,16.07401
3.128812,16225584445292086,3,0.1688391,1.648148,-4.126428,27.49979,182.7331,3.007898e-07
3.149311,16225584445511498,0,0.168704,1.648027,-4.126689,22.39199,172.383,1.651219
3.149311,16225584445511498,1,0.3453892,0.7921608,-3.990796,29.73853,154.3163,307.3831
3.149311,16225584445511498,2,0.0917648,0.8767312,-4.390922,16.15397,174.4718,16.27008
3.149311,16225584445511498,3,0.1687042,1.648026,-4.126689,27.54757,182.7684,-5.416568e-07
3.160683,16225584445601262,0,0.1686308,1.647948,-4.126791,22.37997,172.403,1.645415
3.160683,16225584445601262,1,0.3451549,0.7922875,-3.991784,29.71566,154.3553,307.3853
3.160683,16225584445601262,2,0.09275133,0.8760647,-4.389167,16.36923,174.198,16.23345
3.160683,16225584445601262,3,0.168631,1.647949,-4.126792,27.58204,182.7956,-6.0203e-08
3.171075,16225584445720938,0,0.1685466,1.647961,-4.126979,22.35818,172.4331,1.644791
3.171075,16225584445720938,1,0.3449375,0.7922435,-3.99182,29.69671,154.3948,307.3981
3.171075,16225584445720938,2,0.09314082,0.8751938,-4.38803,16.57441,173.9458,16.16625
3.171075,16225584445720938,3,0.1685466,1.64798,-4.126979,27.35777,182.7001,5.407255e-07
3.18278,16225584445840618,0,0.1684711,1.647978,-4.127127,22.32609,172.433,1.60259
3.18278,16225584445840618,1,0.3445746,0.7923259,-3.992688,29.67476,154.4467,307.4125
3.18278,16225584445840618,2,0.09370483,0.8743173,-4.386366,16.76297,173.7341,16.11244
3.18278,16225584445840618,3,0.1684712,1.64798,-4.127127,27.13697,182.3628,3.59769e-07
3.194256,16225584445950326,0,0.1684211,1.648024,-4.127335,22.27485,172.4584,1.558063
3.194256,16225584445950326,1,0.3449317,0.7925013,-3.992306,29.6515,154.5134,307.4276
3.194256,16225584445950326,2,0.09419955,0.8733907,-4.384717,16.95759,173.5062,16.1007
3.194256,16225584445960301,3,0.1684212,1.648026,-4.127335,27.21631,182.2176,1.800124e-07
3.20464,16225584446040089,0,0.1683496,1.648048,-4.127477,22.23493,172.4357,1.480986
3.20464,16225584446040089,1,0.3455761,0.7927529,-3.991524,29.63719,154.5907,307.453
3.20464,16225584446040089,2,0.09491255,0.8723322,-4.382877,17.16084,173.237,16.17216
3.20464,16225584446040089,3,0.1683496,1.648041,-4.127478,27.28921,182.1723,-6.004347e-08
3.216375,16225584446174793,0,0.1682957,1.648085,-4.127563,22.19988,172.4223,1.415869
3.216375,16225584446174793,1,0.3454761,0.7929168,-3.992115,29.62802,154.68,307.4847
3.216375,16225584446174793,2,0.09558106,0.8711305,-4.381114,17.39831,172.8941,16.33885
3.216375,16225584446174793,3,0.1682958,1.648087,-4.127563,27.17453,182.1823,-7.797616e-07
3.229,16225584446334367,0,0.1682473,1.64815,-4.127671,22.14954,172.3945,1.330184
3.229,16225584446334367,1,0.3451594,0.7930376,-3.993072,29.62126,154.7758,307.5193
3.229,16225584446334367,2,0.09644725,0.8698731,-4.379097,17.66121,172.4707,16.56718
3.229,16225584446334367,3,0.1682474,1.648148,-4.127672,27.05347,182.0977,1.018586e-06
3.244834,16225584446454048,0,0.1682013,1.648198,-4.127761,22.09825,172.3535,1.247672
3.244834,16225584446454048,1,0.3453674,0.7932976,-3.992306,29.61305,154.8851,307.5543
3.244834,16225584446454048,2,0.09767879,0.8682109,-4.376732,17.96658,171.8665,16.92013
3.244834,16225584446454048,3,0.1682013,1.648193,-4.127762,27.01567,182.0449,-1.557312e-06
3.266936,16225584446663485,0,0.1680893,1.648305,-4.12791,22.01876,172.2957,1.079702
3.266936,16225584446663485,1,0.3450547,0.7933114,-3.992556,29.62936,155.203,307.6384
3.266936,16225584446663485,2,0.1028971,0.8630273,-4.369256,19.01393,168.7639,19.10796
3.266936,16225584446663485,3,0.1680893,1.6483,-4.127911,26.96348,181.9653,8.38164e-07
3.283905,16225584446833034,0,0.167935,1.648388,-4.128033,21.98172,172.2416,0.9710982
3.283905,16225584446833034,1,0.3453649,0.7934071,-3.99186,29.70742,155.4445,307.7137
3.283905,16225584446833034,2,0.1081063,0.8584594,-4.362357,19.82797,165.3399,21.35891
3.283905,16225584446833034,3,0.167935,1.648392,-4.128033,26.94433,181.8982,1.37675e-06
3.294217,16225584446942741,0,0.1678441,1.648461,-4.128086,21.96749,172.2248,0.9463634
3.294217,16225584446942741,1,0.3453649,0.7934071,-3.99186,29.70741,155.4445,307.7137
3.294217,16225584446942741,2,0.1081063,0.8584594,-4.362357,19.82797,165.34,21.35891
3.294217,16225584446942741,3,0.1678442,1.648468,-4.128086,26.9343,181.878,-1.765674e-06
3.30458,16225584447102316,0,0.167761,1.648506,-4.128075,21.99358,172.1989,0.9247714
3.30458,16225584447102316,1,0.3451903,0.7930256,-3.992696,29.83827,155.6024,307.7832
3.30458,16225584447102316,2,0.1124818,0.8547984,-4.355723,20.41098,162.0994,23.21629
3.30458,16225584447102316,3,0.167761,1.648499,-4.128076,26.95409,181.6224,4.190471e-07
3.321228,16225584447271861,0,0.1677532,1.648536,-4.128034,21.99937,172.1778,0.9281353
3.321228,16225584447271861,1,0.3453609,0.7927675,-3.992236,29.98912,155.7551,307.8588
3.321228,16225584447271861,2,0.1164507,0.8518336,-4.349967,20.99944,158.662,25.07228
3.321228,16225584447271861,3,0.1677534,1.648529,-4.128035,26.95929,181.6021,9.877994e-07
3.338624,16225584447431440,0,0.1677091,1.648569,-4.127946,22.03551,172.1194,0.9220741
3.338624,16225584447431440,1,0.3450377,0.7925592,-3.992018,30.3225,156.0749,308.0211
3.338624,16225584447431440,2,0.1244723,0.8462612,-4.337294,22.21668,151.5892,28.65359
3.338624,16225584447431440,3,0.1677092,1.648575,-4.127946,27.01121,181.1377,-8.085723e-07
3.351522,16225584447551114,0,0.1676489,1.648538,-4.127929,22.05983,172.0922,0.9146235
3.351522,16225584447551114,1,0.3445192,0.7924462,-3.993179,30.53326,156.2598,308.1159
3.351522,16225584447551114,2,0.1272405,0.8432324,-4.329581,22.92641,147.5937,30.51211
3.351522,16225584447551114,3,0.1676489,1.648544,-4.127929,27.03635,181.1117,1.587553e-06
3.364536,16225584447660818,0,0.1676581,1.64857,-4.12795,22.06618,172.0698,0.9411008
3.364536,16225584447670794,1,0.3439857,0.792361,-3.994154,30.73449,156.4585,308.2457
3.364536,16225584447670794,2,0.1310775,0.8396929,-4.320135,23.75505,143.2632,32.40885
3.364536,16225584447670794,3,0.1676582,1.648575,-4.127951,27.03869,181.0922,9.884969e-07
3.375601,16225584447770528,0,0.1676928,1.648611,-4.128054,22.04359,172.0617,0.9703813
3.375601,16225584447770528,1,0.3439958,0.7919987,-3.992401,31.0173,156.792,308.4877
3.375601,16225584447770528,2,0.1360036,0.8346816,-4.305655,25.37431,135.9534,35.31025
3.375601,16225584447770528,3,0.1676928,1.648605,-4.128055,27.01158,181.085,-1.826781e-06
3.387706,16225584447880235,0,0.167757,1.648673,-4.128145,22.01274,172.0554,1.018657
3.387706,16225584447880235,1,0.3436363,0.7919443,-3.992816,31.12332,156.9455,308.598
3.387706,16225584447880235,2,0.1376907,0.8321818,-4.298079,26.19494,132.603,36.47498
3.387706,16225584447880235,3,0.1677572,1.648666,-4.128145,26.97403,181.0807,-2.245292e-06
3.397933,16225584447969998,0,0.167809,1.648683,-4.128219,21.99145,172.0393,1.059237
3.397933,16225584447969998,1,0.3435608,0.7918693,-3.99237,31.21118,157.1141,308.6976
3.397933,16225584447969998,2,0.1395459,0.8292494,-4.289229,27.14597,128.9749,37.55646
3.397933,16225584447969998,3,0.1678091,1.648682,-4.128219,26.94738,181.0665,-2.693714e-07
3.41705,16225584448174518,0,0.1680447,1.648741,-4.128353,21.99564,171.9396,1.152798
3.41705,16225584448174518,1,0.3431061,0.7918124,-3.993278,31.29547,157.2712,308.778
3.41705,16225584448174518,2,0.1397886,0.8265058,-4.280606,28.2396,125.1368,38.46547
3.41705,16225584448174518,3,0.1680447,1.648743,-4.128354,27.73674,180.6944,-1.356486e-06
3.430007,16225584448324115,0,0.1681967,1.648811,-4.128437,21.99576,171.8754,1.200374
3.430007,16225584448324115,1,0.3424707,0.791773,-3.994457,31.37757,157.4719,308.8733
3.430007,16225584448324115,2,0.139192,0.8229836,-4.269115,29.75735,120.3095,39.11237
3.443977,16225584448433824,0,0.1683803,1.648834,-4.128557,21.98703,171.7754,1.238615
3.443977,16225584448433824,1,0.342325,0.7918273,-3.9947,31.45875,157.6297,308.95
3.443977,16225584448443798,2,0.139802,0.8196481,-4.258361,31.18557,116.0719,39.28917
3.456832,16225584448623318,0,0.1686488,1.648848,-4.128548,21.97776,171.677,1.275085
3.456832,16225584448623318,1,0.341992,0.791648,-3.995107,31.60761,157.8942,309.0961
3.456832,16225584448623318,2,0.1372871,0.8148831,-4.24161,33.65215,108.9762,38.70226
3.473467,16225584448733026,0,0.1691687,1.64891,-4.128694,21.97324,171.4344,1.344108
3.473467,16225584448733026,1,0.3414592,0.7918983,-3.996199,31.69619,158.002,309.1734
3.473467,16225584448733026,2,0.1354666,0.813175,-4.233967,33.28691,108.1084,39.53174
3.495365,16225584448952442,0,0.1695038,1.648938,-4.128741,22.00037,171.2838,1.350996
3.495365,16225584448952442,1,0.3410215,0.7920058,-3.996741,31.84154,158.2293,309.2971
3.495365,16225584448952442,2,0.1391198,0.8126258,-4.226264,30.54875,110.6309,44.96803
3.514188,16225584449151905,0,0.1704122,1.648933,-4.128825,22.04907,170.9649,1.334008
3.514188,16225584449151905,1,0.340773,0.7925519,-3.996797,31.93936,158.3832,309.3665
3.514188,16225584449151905,2,0.1432079,0.8146155,-4.233825,28.92966,113.4873,47.96735
3.527103,16225584449261613,0,0.1709658,1.648874,-4.128911,22.03901,170.7678,1.320245
3.527103,16225584449261613,1,0.3405242,0.792792,-3.997167,31.98056,158.4458,309.386
3.527103,16225584449261613,2,0.1440958,0.8162505,-4.238879,28.59021,114.7624,47.74766
3.547048,16225584449500975,0,0.1720006,1.649046,-4.12929,21.98954,170.3275,1.331466
3.547048,16225584449500975,1,0.3405502,0.7929488,-3.996113,32.04219,158.522,309.3664
3.547048,16225584449500975,2,0.1437523,0.8183383,-4.244765,28.65576,117.1197,45.65055
3.565434,16225584449660541,0,0.173252,1.648942,-4.12963,21.93557,169.9661,1.355482
3.565434,16225584449660541,1,0.3402264,0.7931411,-3.996428,32.06263,158.5359,309.3411
3.565434,16225584449660541,2,0.1429851,0.817946,-4.245193,28.88335,118.0289,44.93724
3.577245,16225584449770250,0,0.1739044,1.648788,-4.129756,21.95753,169.7097,1.332314
3.577245,16225584449770250,1,0.3402135,0.7935412,-3.9958,32.03939,158.5371,309.2662
3.577245,16225584449770250,2,0.1401483,0.816222,-4.245411,29.35125,119.0551,44.77697
3.590471,16225584449909878,0,0.1745104,1.648632,-4.129845,21.98362,169.435,1.312568
3.590471,16225584449909878,1,0.3401267,0.7936096,-3.995646,32.02241,158.5334,309.2286
3.590471,16225584449909878,2,0.1386278,0.8160172,-4.246143,29.52734,119.1761,44.77431
3.6101,16225584450094452,0,0.1756092,1.648219,-4.129927,22.07277,168.8964,1.292095
3.6101,16225584450094452,1,0.3395455,0.7939767,-3.995774,31.95629,158.5168,309.1569
3.6101,16225584450094452,2,0.137724,0.8149564,-4.24573,29.81872,119.0599,44.42006
3.625684,16225584450283944,0,0.1761323,1.648013,-4.129936,22.1503,168.6865,1.293852
3.625684,16225584450283944,1,0.3392385,0.7941154,-3.995961,31.93664,158.5327,309.1467
3.625684,16225584450283944,2,0.1373698,0.8147715,-4.24543,29.80057,118.8784,44.18793
3.636958,16225584450363734,0,0.1765466,1.647792,-4.129914,22.26418,168.5304,1.308182
3.636958,16225584450363734,1,0.3387352,0.7943148,-3.995804,31.93193,158.6025,309.1698
3.636958,16225584450363734,2,0.1369992,0.8149115,-4.245904,29.70463,118.6871,43.98933
3.654116,16225584450533278,0,0.177316,1.647368,-4.129786,22.4791,168.2789,1.327202
3.654116,16225584450533278,1,0.3377555,0.7943911,-3.995248,31.93694,158.8459,309.2359
3.654116,16225584450533278,2,0.1368729,0.8153111,-4.246915,29.59322,118.4327,43.58869
3.67415,16225584450732747,0,0.1780553,1.646972,-4.129834,22.67323,168.047,1.245882
3.67415,16225584450732747,1,0.3365794,0.7943665,-3.9949,32.02454,159.2428,309.3122
3.67415,16225584450732747,2,0.136811,0.8156061,-4.247527,29.66412,118.2369,43.19113
3.684224,16225584450872371,0,0.1784468,1.646744,-4.129868,22.76545,167.9507,1.183114
3.684224,16225584450872371,1,0.3365794,0.7943665,-3.9949,32.02453,159.2428,309.3122
3.684224,16225584450872371,2,0.136811,0.8156061,-4.247527,29.66411,118.2369,43.19112
3.684224,16225584450872371,3,0.1784469,1.646759,-4.129868,35.17783,168.6172,2.350216e-06
3.695629,16225584450952161,0,0.1788611,1.646495,-4.129905,22.86108,167.842,1.145096
3.695629,16225584450952161,1,0.3352404,0.7942372,-3.994609,32.16577,159.6159,309.3363
3.695629,16225584450952161,2,0.1365978,0.815725,-4.247995,29.87697,118.0173,42.96707
3.695629,16225584450952161,3,0.1788613,1.646515,-4.129906,35.27412,168.4992,-2.353006e-06
3.714548,16225584451151624,0,0.1792328,1.646328,-4.130084,22.93477,167.768,1.162688
3.714548,16225584451151624,1,0.3336462,0.7939601,-3.993214,32.45682,160.2496,309.4356
3.714548,16225584451151624,2,0.1363552,0.8154641,-4.247899,30.31562,117.5177,42.56385
3.714548,16225584451151624,3,0.1792327,1.646332,-4.130085,35.34686,168.4304,-2.093442e-06
3.736017,16225584451351097,0,0.1799095,1.646078,-4.130548,22.99625,167.6953,1.256135
3.736017,16225584451351097,1,0.3325794,0.7936693,-3.992197,32.74196,160.6264,309.6265
3.736017,16225584451361065,2,0.1361939,0.8150498,-4.247124,30.69161,117.0011,42.3954
3.736017,16225584451361065,3,0.1799094,1.646072,-4.130549,35.40691,168.3829,-5.237502e-07
3.746603,16225584451470769,0,0.180246,1.645746,-4.130563,23.14829,167.6781,1.286563
3.746603,16225584451470769,1,0.3320006,0.7935172,-3.992119,32.88765,160.7273,309.7334
3.746603,16225584451470769,2,0.1362991,0.8149523,-4.246717,30.84475,116.728,42.42371
3.746603,16225584451470769,3,0.180246,1.645752,-4.130564,35.5591,168.375,7.871145e-07
3.768308,16225584451690184,0,0.1809081,1.645105,-4.130572,23.4347,167.5783,1.386362
3.768308,16225584451690184,1,0.3319722,0.7928226,-3.990202,33.10567,160.7282,309.8688
3.768308,16225584451690184,2,0.136528,0.8147656,-4.245797,31.04648,116.1437,42.68193
3.768308,16225584451690184,3,0.1809083,1.645111,-4.130573,40.19741,168.5336,1.11776e-06
3.878029,16225584462310173,0,0.1818124,1.644824,-4.130841,23.48068,167.4796,1.381183
3.878029,16225584462310173,1,0.3318467,0.7921739,-3.98889,33.17881,160.6035,309.7681
3.878029,16225584462310173,2,0.1371693,0.8145258,-4.2448,31.21571,115.5177,43.09651
3.878029,16225584462310173,3,0.1818124,1.644821,-4.130842,22.11784,172.4556,0.0
3.898833,16225584462479717,0,0.1980383,1.654187,-4.125383,19.71366,164.1155,0.9967963
3.898833,16225584462479717,1,0.331794,0.7919667,-3.988605,33.18956,160.48,309.5595
3.898833,16225584462479717,2,0.1377268,0.8141282,-4.243564,31.42556,114.7528,43.70163
3.898833,16225584462479717,3,0.1980383,1.65419,-4.125384,18.39567,168.9823,6.748132e-07
3.911967,16225584462599396,0,0.1983122,1.654309,-4.125214,19.68342,164.0342,1.031776
3.911967,16225584462599396,1,0.3357298,0.7880002,-3.982172,32.73343,160.9967,308.5298
3.911967,16225584462599396,2,0.1519449,0.8124423,-4.226369,29.0922,112.0782,44.59563
3.911967,16225584462599396,3,0.1983124,1.654327,-4.125215,18.36354,168.8993,6.746876e-07
3.923234,16225584462709103,0,0.1985432,1.654416,-4.125061,19.64943,163.945,1.043111
3.923234,16225584462709103,1,0.3364934,0.7891299,-3.983089,32.69413,161.0526,308.3132
3.923234,16225584462709103,2,0.1545877,0.8136563,-4.2249,28.34882,111.3401,44.79341
3.923234,16225584462709103,3,0.1985432,1.654419,-4.125061,18.32797,168.8088,5.621238e-07
3.933932,16225584462838759,0,0.1987107,1.65456,-4.124933,19.60826,163.8611,1.063299
3.933932,16225584462838759,1,0.3363011,0.7894871,-3.983228,32.70182,161.0731,308.1716
3.933932,16225584462838759,2,0.1559921,0.8148881,-4.224306,27.64893,110.7937,44.85659
3.933932,16225584462838759,3,0.1987106,1.654572,-4.124934,17.93105,168.4886,1.794721e-06
3.94575,16225584462928519,0,0.1989555,1.654699,-4.124756,19.56253,163.7837,1.085905
3.94575,16225584462928519,1,0.3368257,0.7906595,-3.983133,32.75167,161.0844,308.0817
3.94575,16225584462928519,2,0.157075,0.8161381,-4.22402,26.99339,110.3589,44.82242
3.94575,16225584462928519,3,0.1989557,1.654694,-4.124757,17.88279,168.4094,3.364186e-07
3.964397,16225584463118009,0,0.1993465,1.655098,-4.124423,19.43066,163.594,1.115636
3.964397,16225584463118009,1,0.3361357,0.7909284,-3.982574,32.88086,161.0699,307.9835
3.964397,16225584463118009,2,0.1587712,0.8183731,-4.223785,25.91129,109.676,44.61353
3.964397,16225584463118009,3,0.1993467,1.655106,-4.124424,17.74981,168.2153,-1.120559e-07
3.983728,16225584463317479,0,0.1997474,1.655614,-4.124094,19.26554,163.4239,1.145734
3.983728,16225584463317479,1,0.3357289,0.7907757,-3.98229,32.97011,161.0512,307.9557
3.983728,16225584463317479,2,0.1594028,0.8193657,-4.223692,25.51317,109.4161,44.53114
3.983728,16225584463317479,3,0.1997477,1.655609,-4.124095,17.37545,168.3911,-1.118244e-07
3.993865,16225584463427186,0,0.199923,1.65594,-4.123971,19.15441,163.331,1.15458
3.993865,16225584463427186,1,0.3348925,0.7903771,-3.981179,33.11911,160.9946,307.9629
3.993865,16225584463427186,2,0.1603297,0.8202198,-4.223296,25.10504,109.1681,44.49189
3.993865,16225584463427186,3,0.1999232,1.655945,-4.123972,17.26456,168.2948,-1.11757e-07
4.005894,16225584463546872,0,0.2001152,1.656272,-4.123789,19.03439,163.2332,1.17116
4.005894,16225584463546872,1,0.3342193,0.789918,-3.980669,33.27418,160.9303,307.97
4.005894,16225584463546872,2,0.1611267,0.8209294,-4.223087,24.79227,109.0017,44.50655
4.005894,16225584463546872,3,0.2001154,1.656281,-4.123789,17.14381,168.1933,-6.701044e-07
4.018873,16225584464294868,0,0.2002637,1.656548,-4.123651,18.92543,163.1425,1.176654
4.018873,16225584464294868,1,0.3336924,0.789551,-3.980293,33.42673,160.8562,307.9818
4.018873,16225584464294868,2,0.16179,0.8214196,-4.222851,24.5258,108.8955,44.51884
4.018873,16225584464294868,3,0.2002636,1.656555,-4.123652,16.91834,168.5935,0.0
4.09348,16225584464604038,0,0.2007439,1.658128,-4.122856,18.37648,162.6097,1.193954
4.09348,16225584464604038,1,0.3330287,0.7888182,-3.980047,33.58599,160.7616,307.9914
4.09348,16225584464604038,2,0.1622589,0.8219129,-4.222759,24.27143,108.8265,44.51762
4.09348,16225584464604038,3,0.2007438,1.658127,-4.122857,16.61506,168.2576,-7.796024e-07
4.122284,16225584464713744,0,0.200763,1.658627,-4.122661,18.23477,162.4887,1.174899
4.122284,16225584464713744,1,0.3295683,0.785336,-3.979025,34.49704,160.1357,307.8235
4.122284,16225584464713744,2,0.1652505,0.8224669,-4.223253,23.91525,109.3256,44.76535
4.122284,16225584464713744,3,0.2007629,1.65863,-4.122662,16.47612,168.1331,1.112916e-07
4.133539,16225584464813477,0,0.2007596,1.658807,-4.12262,18.18235,162.4346,1.167383
4.133539,16225584464813477,1,0.3286365,0.7847188,-3.979395,34.75161,160.0293,307.759
4.133539,16225584464813477,2,0.1655583,0.8222144,-4.223987,24.11062,109.6489,44.85738
4.133539,16225584464813477,3,0.2007596,1.658813,-4.122621,16.42481,168.0777,-1.001359e-06
4.145558,16225584464963081,0,0.2007169,1.658949,-4.12253,18.1536,162.4058,1.188409
4.145558,16225584464963081,1,0.3287219,0.784479,-3.978933,34.82227,160.0074,307.7477
4.145558,16225584464963081,2,0.1657542,0.8220904,-4.224185,24.1829,109.7442,44.90353
4.145558,16225584464963081,3,0.2007171,1.658966,-4.12253,16.39481,168.0474,-5.562248e-07
4.158369,16225584465122651,0,0.2006584,1.659146,-4.122362,18.16895,162.3476,1.200143
4.158369,16225584465122651,1,0.3284458,0.7842873,-3.97923,34.89983,159.9784,307.7179
4.158369,16225584465122651,2,0.1661422,0.8218565,-4.224248,24.27025,109.841,44.96887
4.158369,16225584465122651,3,0.2006585,1.659149,-4.122362,16.40824,167.9893,1.223779e-06
4.175988,16225584465272253,0,0.2006359,1.65922,-4.122318,18.15719,162.3097,1.168918
4.175988,16225584465272253,1,0.3281388,0.7841023,-3.979764,34.99036,159.9526,307.6894
4.175988,16225584465272253,2,0.1662592,0.8216631,-4.22454,24.37351,109.9495,45.0514
4.175988,16225584465272253,3,0.2006361,1.659225,-4.122319,16.3996,167.9521,-8.899818e-07
4.195737,16225584465431827,0,0.2005951,1.659401,-4.122385,18.09449,162.2364,1.158365
4.195737,16225584465431827,1,0.3278896,0.7836809,-3.979939,35.12769,159.8937,307.663
4.195737,16225584465431827,2,0.166491,0.8212349,-4.22498,24.55469,110.102,45.18442
4.195737,16225584465431827,3,0.2005951,1.659409,-4.122386,16.33826,167.8773,-1.334553e-06
4.206208,16225584465521589,0,0.2005209,1.659525,-4.12243,18.0522,162.2367,1.184428
4.206208,16225584465521589,1,0.3275702,0.7836542,-3.98091,35.17231,159.851,307.6524
4.206208,16225584465521589,2,0.1665072,0.8210879,-4.225336,24.64383,110.1351,45.25623
4.206208,16225584465521589,3,0.2005211,1.659531,-4.122431,16.29366,167.8755,1.334249e-06
