time(100ns),time_stamp(ms),frame,eye_valid_L,eye_valid_R,eye_valid_C,openness_L,openness_R,openness_C,pupil_diameter_L(mm),pupil_diameter_R(mm),pupil_diameter_C(mm),pos_sensor_L.x,pos_sensor_L.y,pos_sensor_R.x,pos_sensor_R.y,pos_sensor_C.x,pos_sensor_C.y,gaze_origin_L.x(mm),gaze_origin_L.y(mm),gaze_origin_L.z(mm),gaze_origin_R.x(mm),gaze_origin_R.y(mm),gaze_origin_R.z(mm),gaze_origin_C.x(mm),gaze_origin_C.y(mm),gaze_origin_C.z(mm),gaze_direct_L.x,gaze_direct_L.y,gaze_direct_L.z,gaze_direct_R.x,gaze_direct_R.y,gaze_direct_R.z,gaze_direct_C.x,gaze_direct_C.y,gaze_direct_C.z,gaze_sensitive,frown_L,frown_R,squeeze_L,squeeze_R,wide_L,wide_R,distance_valid_C,distance_C(mm),track_imp_cnt
637582340830383984,1898383,468563,31,31,3,0.8947288,0.9186443,0,5.089783,5.036636,0,(0.4, 0.6),(0.4, 0.6),(0.0, 0.0),(34.7, -2.0, -26.5),(-27.2, -2.5, -21.0),(-9.3, -2.4, -22.6),(0.0, 0.1, 1.0),(0.1, 0.1, 1.0),(0.0, 0.1, 1.0),1,0,0,0,0,0,0,False,0,0,
637582340830423875,1898391,468564,31,31,3,0.7135388,0.8674566,0,5.060471,4.983276,0,(0.4, 0.6),(0.4, 0.6),(0.0, 0.0),(34.8, -2.0, -26.3),(-27.1, -2.4, -21.2),(-20.1, -2.3, -21.8),(0.0, 0.1, 1.0),(0.1, 0.1, 1.0),(0.1, 0.1, 1.0),1,0,0,0,0,0,0,False,0,0,
637582340830603707,1898400,468565,31,31,3,0.7135388,0.8674566,0,5.122192,5.073227,0,(0.4, 0.6),(0.4, 0.6),(0.0, 0.0),(34.8, -2.1, -26.1),(-27.1, -2.3, -21.3),(-25.7, -2.3, -21.4),(0.0, 0.1, 1.0),(0.1, 0.1, 1.0),(0.1, 0.1, 1.0),1,0,0,0,0,0,0,False,0,0,
637582340830623661,1898408,468566,31,31,3,0.750623,0.8814969,0,5.031433,4.958099,0,(0.4, 0.6),(0.4, 0.6),(0.0, 0.0),(34.8, -2.1, -26.1),(-27.1, -2.3, -21.4),(-26.8, -2.3, -21.4),(0.0, 0.1, 1.0),(0.1, 0.1, 1.0),(0.1, 0.1, 1.0),1,0,0,0,0,0,0,False,0,0,
637582340830713816,1898416,468567,31,31,3,0.750623,0.8814969,0,5.147308,4.841614,0,(0.4, 0.6),(0.4, 0.6),(0.0, 0.0),(34.8, -2.1, -26.1),(-27.1, -2.2, -21.4),(-26.9, -2.2, -21.4),(0.0, 0.1, 1.0),(0.1, 0.1, 1.0),(0.1, 0.1, 1.0),1,0,0,0,0,0,0,False,0,0,
637582340830753707,1898425,468568,31,31,3,0.7714149,0.9466934,0,5.064713,4.838913,0,(0.4, 0.6),(0.4, 0.6),(0.0, 0.0),(34.8, -2.1, -26.0),(-27.1, -2.2, -21.4),(-26.2, -2.2, -21.5),(0.0, 0.1, 1.0),(0.1, 0.1, 1.0),(0.1, 0.1, 1.0),1,0,0,0,0,0,0,False,0,0,
637582340830873686,1898433,468569,31,31,3,0.7714149,0.9466934,0,5.029419,4.841293,0,(0.4, 0.6),(0.4, 0.6),(0.0, 0.0),(34.8, -2.2, -25.8),(-27.1, -2.2, -21.4),(-22.5, -2.2, -21.7),(0.0, 0.1, 1.0),(0.1, 0.1, 1.0),(0.1, 0.1, 1.0),1,0,0,0,0,0,0,False,0,0,
637582340830923554,1898441,468570,31,31,3,0.7553741,0.960978,0,5.113968,4.865982,0,(0.4, 0.6),(0.4, 0.6),(0.0, 0.0),(34.8, -2.1, -26.1),(-27.2, -2.3, -21.4),(-15.7, -2.3, -22.2),(0.0, 0.1, 1.0),(0.1, 0.1, 1.0),(0.1, 0.1, 1.0),1,0,0,0,0,0,0,False,0,0,
637582340831013482,1898450,468571,31,31,3,0.7553741,0.960978,0,5.008667,4.867035,0,(0.4, 0.6),(0.4, 0.6),(0.0, 0.0),(34.8, -2.1, -26.4),(-27.2, -2.3, -21.3),(-17.6, -2.3, -22.1),(0.0, 0.1, 1.0),(0.1, 0.1, 1.0),(0.1, 0.1, 1.0),1,0,0,0,0,0,0,False,0,0,
637582340831123349,1898458,468572,31,31,3,0.7937514,0.9775804,0,4.997055,4.879562,0,(0.4, 0.6),(0.4, 0.6),(0.0, 0.0),(34.8, -2.0, -26.7),(-27.2, -2.3, -21.2),(-25.6, -2.3, -21.3),(0.0, 0.1, 1.0),(0.1, 0.1, 1.0),(0.1, 0.1, 1.0),1,0,0,0,0,0,0,False,0,0,
637582340831173220,1898466,468573,31,31,3,0.7937514,0.9775804,0,5.026337,4.893234,0,(0.4, 0.6),(0.4, 0.6),(0.0, 0.0),(34.8, -2.1, -26.4),(-27.2, -2.4, -21.2),(-25.8, -2.4, -21.3),(0.0, 0.1, 1.0),(0.1, 0.1, 1.0),(0.1, 0.1, 1.0),1,0,0,0,0,0,0,False,0,0,
637582340831263133,1898475,468574,31,31,3,0.7934923,0.9918979,0,5.076233,4.894928,0,(0.4, 0.6),(0.4, 0.6),(0.0, 0.0),(34.8, -2.2, -26.3),(-27.2, -2.4, -21.2),(-26.0, -2.4, -21.3),(0.0, 0.1, 1.0),(0.1, 0.1, 1.0),(0.1, 0.1, 1.0),1,0,0,0,0,0,0,False,0,0,
637582340831332946,1898483,468575,31,31,3,0.7934923,0.9918979,0,5.025116,5.04097,0,(0.4, 0.6),(0.4, 0.6),(0.0, 0.0),(34.8, -2.3, -26.3),(-27.2, -2.7, -20.9),(-22.9, -2.7, -21.3),(0.0, 0.1, 1.0),(0.1, 0.1, 1.0),(0.1, 0.1, 1.0),1,0,0,0,0,0,0,False,0,0,
637582340831427771,1898491,468576,31,31,3,0.8032756,0.9867805,0,5.081085,5.067139,0,(0.4, 0.6),(0.4, 0.6),(0.0, 0.0),(34.8, -2.4, -26.3),(-27.3, -2.7, -20.9),(-15.2, -2.7, -21.9),(0.0, 0.1, 1.0),(0.1, 0.1, 1.0),(0.1, 0.1, 1.0),1,0,0,0,0,0,0,False,0,0,
637582340831622469,1898500,468577,31,31,3,0.804377,0.9868712,0,5.053085,5.060532,0,(0.4, 0.6),(0.4, 0.6),(0.0, 0.0),(34.8, -2.4, -26.2),(-27.3, -2.7, -21.0),(-6.7, -2.6, -22.8),(0.0, 0.1, 1.0),(0.1, 0.1, 1.0),(0.0, 0.1, 1.0),1,0,0,0,0,0,0,False,0,0,
637582340831642408,1898508,468578,31,31,3,0.8232474,0.9809035,0,5.139328,4.937637,0,(0.4, 0.6),(0.4, 0.6),(0.0, 0.0),(34.8, -2.5, -26.1),(-27.3, -2.8, -21.0),(-2.5, -2.7, -23.1),(0.0, 0.1, 1.0),(0.1, 0.1, 1.0),(0.0, 0.1, 1.0),1,0,0,0,0,0,0,False,0,0,
637582340831702390,1898516,468579,31,31,3,0.8232474,0.9809035,0,4.998062,4.976913,0,(0.4, 0.6),(0.4, 0.6),(0.0, 0.0),(34.8, -2.5, -26.2),(-27.3, -2.8, -21.0),(14.5, -2.6, -24.5),(0.0, 0.1, 1.0),(0.1, 0.1, 1.0),(0.0, 0.1, 1.0),1,0,0,0,0,0,0,False,0,0,
637582340831832294,1898525,468580,31,31,3,0.8711969,0.9745489,0,5.051193,5.016632,0,(0.4, 0.6),(0.4, 0.6),(0.0, 0.0),(34.8, -2.5, -26.4),(-27.3, -2.8, -21.0),(11.4, -2.6, -24.4),(0.0, 0.1, 1.0),(0.1, 0.1, 1.0),(0.0, 0.1, 1.0),1,0,0,0,0,0,0,False,0,0,
637582340831922263,1898533,468581,31,31,3,0.8711969,0.9745489,0,5.067902,5.04422,0,(0.4, 0.6),(0.4, 0.6),(0.0, 0.0),(34.8, -2.6, -26.2),(-27.3, -2.8, -21.0),(-1.5, -2.7, -23.2),(0.0, 0.1, 1.0),(0.1, 0.1, 1.0),(0.0, 0.1, 1.0),1,0,0,0,0,0,0,False,0,0,
637582340831962341,1898541,468582,31,31,3,0.8402744,0.9618772,0,5.079666,5.069733,0,(0.4, 0.6),(0.4, 0.6),(0.0, 0.0),(34.8, -2.7, -26.0),(-27.3, -2.8, -21.0),(-1.7, -2.8, -23.0),(0.0, 0.1, 1.0),(0.1, 0.1, 1.0),(0.0, 0.1, 1.0),1,0,0,0,0,0,0,False,0,0,
637582340832032152,1898550,468583,31,31,3,0.8402744,0.9618772,0,5.06839,5.042313,0,(0.4, 0.6),(0.4, 0.6),(0.0, 0.0),(34.8, -2.8, -25.8),(-27.3, -2.9, -21.0),(-21.8, -2.9, -21.4),(0.0, 0.0, 1.0),(0.1, 0.1, 1.0),(0.1, 0.1, 1.0),1,0,0,0,0,0,0,False,0,0,
637582340832087075,1898558,468584,31,31,3,0.8496112,0.9625859,0,5.082169,5.062363,0,(0.4, 0.6),(0.4, 0.6),(0.0, 0.0),(34.8, -2.8, -25.7),(-27.3, -2.9, -21.0),(-26.4, -2.9, -21.0),(0.0, 0.0, 1.0),(0.1, 0.1, 1.0),(0.1, 0.1, 1.0),1,0,0,0,0,0,0,False,0,0,
637582340832176838,1898566,468585,31,31,3,0.8496112,0.9625859,0,5.072495,5.063828,0,(0.4, 0.7),(0.4, 0.6),(0.0, 0.0),(34.8, -2.9, -25.7),(-27.3, -2.9, -21.0),(-27.1, -2.9, -21.0),(0.0, 0.0, 1.0),(0.1, 0.1, 1.0),(0.1, 0.1, 1.0),1,0,0,0,0,0,0,False,0,0,
637582340832276568,1898575,468586,31,31,3,0.8588696,0.972281,0,5.093185,5.054108,0,(0.4, 0.7),(0.4, 0.6),(0.0, 0.0),(34.8, -2.9, -25.7),(-27.3, -2.9, -21.0),(-27.2, -2.9, -21.0),(0.0, 0.0, 1.0),(0.1, 0.0, 1.0),(0.1, 0.0, 1.0),1,0,0,0,0,0,0,False,0,0,
637582340832336409,1898583,468587,31,31,3,0.8588696,0.972281,0,5.024567,5.060303,0,(0.4, 0.7),(0.4, 0.6),(0.0, 0.0),(34.8, -2.8, -25.8),(-27.3, -2.9, -21.0),(-27.2, -2.9, -21.0),(0.0, 0.0, 1.0),(0.1, 0.0, 1.0),(0.1, 0.0, 1.0),1,0,0,0,0,0,0,False,0,0,
637582340832426678,1898591,468588,31,31,3,0.8509545,0.9633332,0,5.046631,5.066254,0,(0.4, 0.7),(0.4, 0.6),(0.0, 0.0),(34.8, -2.7, -26.1),(-27.3, -2.9, -21.0),(-27.2, -2.9, -21.0),(0.0, 0.0, 1.0),(0.1, 0.0, 1.0),(0.1, 0.0, 1.0),1,0,0,0,0,0,0,False,0,0,
637582340832606396,1898600,468589,31,31,3,0.8509545,0.9633332,0,5.044388,5.064133,0,(0.4, 0.7),(0.4, 0.6),(0.0, 0.0),(34.8, -2.6, -26.4),(-27.3, -2.9, -21.0),(-27.3, -2.9, -21.0),(0.0, 0.0, 1.0),(0.1, 0.0, 1.0),(0.1, 0.0, 1.0),1,0,0,0,0,0,0,False,0,0,
637582340833205938,1898608,468590,31,31,3,0.8569058,0.9685854,0,5.049911,5.012024,0,(0.4, 0.7),(0.4, 0.6),(0.0, 0.0),(34.8, -2.6, -26.5),(-27.4, -3.0, -20.8),(-27.3, -3.0, -20.8),(0.0, 0.0, 1.0),(0.1, 0.0, 1.0),(0.1, 0.0, 1.0),1,0,0,0,0,0,0,False,0,0,
637582340833815539,1898616,468591,31,31,3,0.8569058,0.9685854,0,5.041702,5.055038,0,(0.4, 0.7),(0.4, 0.6),(0.0, 0.0),(34.8, -2.6, -26.4),(-27.4, -3.0, -20.9),(-27.4, -3.0, -20.9),(0.0, 0.0, 1.0),(0.0, 0.0, 1.0),(0.0, 0.0, 1.0),1,0,0,0,0,0,0,False,0,0,
637582340833835488,1898658,468596,31,31,3,0.8683832,0.944589,0,5.027786,5.126205,0,(0.4, 0.7),(0.4, 0.6),(0.0, 0.0),(34.7, -2.7, -26.4),(-27.4, -2.9, -21.2),(-27.4, -2.9, -21.2),(0.0, 0.0, 1.0),(0.0, 0.0, 1.0),(0.0, 0.0, 1.0),1,0,0,0,0,0,0,False,0,0,
637582340833915461,1898724,468604,31,31,3,0.8691794,0.9449534,0,5.192505,5.157852,0,(0.4, 0.7),(0.4, 0.6),(0.0, 0.0),(34.7, -3.1, -25.7),(-27.5, -3.1, -21.3),(-27.4, -3.1, -21.3),(0.0, 0.0, 1.0),(0.1, 0.0, 1.0),(0.1, 0.0, 1.0),1,0,0,0,0,0,0,False,0,0,
637582340834595271,1898733,468605,31,31,3,0.8488392,0.9212424,0,5.257599,5.199417,0,(0.4, 0.7),(0.4, 0.6),(0.0, 0.0),(34.7, -3.1, -25.8),(-27.5, -3.1, -21.3),(-27.3, -3.1, -21.3),(0.0, 0.0, 1.0),(0.1, 0.0, 1.0),(0.1, 0.0, 1.0),1,0,0,0,0,0,0,False,0,0,
637582340834635167,1898741,468606,31,31,3,0.8502774,0.8993891,0,5.2117,5.15213,0,(0.4, 0.7),(0.4, 0.6),(0.0, 0.0),(34.7, -3.1, -25.8),(-27.5, -3.1, -21.3),(-26.9, -3.1, -21.3),(0.0, 0.0, 1.0),(0.1, 0.0, 1.0),(0.1, 0.0, 1.0),1,0,0,0,0,0,0,False,0,0,
637582340834665255,1898799,468613,31,31,3,0.8502774,0.8993891,0,5.261642,5.103043,0,(0.4, 0.7),(0.4, 0.6),(0.0, 0.0),(34.7, -3.1, -25.6),(-27.5, -3.1, -21.1),(-27.1, -3.1, -21.1),(0.0, 0.0, 1.0),(0.0, 0.0, 1.0),(0.0, 0.0, 1.0),1,0,0,0,0,0,0,False,0,0,
637582340835364134,1898808,468614,31,31,3,0.8545202,0.9051546,0,5.230255,5.191544,0,(0.4, 0.7),(0.4, 0.6),(0.0, 0.0),(34.7, -3.1, -25.5),(-27.5, -3.1, -21.2),(-27.2, -3.1, -21.3),(0.0, 0.0, 1.0),(0.0, 0.0, 1.0),(0.0, 0.0, 1.0),1,0,0,0,0,0,0,False,0,0,
637582340835384084,1898816,468615,31,31,3,0.8394104,0.8972765,0,5.238083,5.17778,0,(0.4, 0.7),(0.4, 0.6),(0.0, 0.0),(34.7, -3.2, -25.4),(-27.5, -3.1, -21.3),(-27.4, -3.1, -21.3),(0.0, 0.0, 1.0),(0.0, 0.0, 1.0),(0.0, 0.0, 1.0),1,0,0,0,0,0,0,False,0,0,
637582340835454067,1898883,468623,31,31,3,0.8394104,0.8972765,0,5.272919,5.173782,0,(0.4, 0.7),(0.4, 0.6),(0.0, 0.0),(34.7, -2.8, -26.3),(-27.5, -3.1, -21.3),(-27.4, -3.1, -21.3),(0.0, 0.0, 1.0),(0.0, 0.0, 1.0),(0.0, 0.0, 1.0),1,0,0,0,0,0,0,False,0,0,
637582340835523901,1898891,468624,31,31,3,0.8175976,0.9021033,0,5.135742,5.176971,0,(0.4, 0.7),(0.4, 0.6),(0.0, 0.0),(34.6, -2.8, -26.4),(-27.5, -3.1, -21.3),(-27.5, -3.1, -21.3),(0.0, 0.0, 1.0),(0.0, 0.0, 1.0),(0.0, 0.0, 1.0),1,0,0,0,0,0,0,False,0,0,
637582340835563788,1898899,468625,31,31,3,0.7409924,0.8761625,0,5.135391,5.183426,0,(0.4, 0.7),(0.4, 0.6),(0.0, 0.0),(34.5, -2.8, -26.6),(-27.7, -3.0, -21.4),(-27.7, -3.0, -21.4),(0.0, 0.0, 1.0),(0.0, 0.0, 1.0),(0.0, 0.0, 1.0),1,0,0,0,0,0,0,False,0,0,
637582340835613656,1898908,468626,31,31,3,0.7409924,0.8761625,0,5.182007,5.109634,0,(0.4, 0.7),(0.4, 0.6),(0.0, 0.0),(34.1, -2.6, -27.0),(-28.0, -3.1, -21.4),(-28.0, -3.1, -21.4),(-0.1, 0.0, 1.0),(-0.1, 0.0, 1.0),(-0.1, 0.0, 1.0),1,0,0,0,0,0,0,False,0,0,
637582340835688524,1898916,468627,31,31,3,0.7332096,0.8413598,0,5.142776,5.070175,0,(0.5, 0.7),(0.4, 0.6),(0.0, 0.0),(33.8, -2.7, -26.7),(-28.2, -3.2, -21.3),(-28.2, -3.2, -21.3),(-0.1, 0.0, 1.0),(-0.1, 0.0, 1.0),(-0.1, 0.0, 1.0),1,0,0,0,0,0,0,False,0,0,
637582340835773359,1898924,468628,31,31,3,0.7332096,0.8413598,0,4.997528,5.06572,0,(0.5, 0.7),(0.5, 0.6),(0.0, 0.0),(33.4, -2.6, -27.2),(-28.5, -3.2, -21.3),(-28.5, -3.2, -21.3),(-0.2, -0.1, 1.0),(-0.1, 0.0, 1.0),(-0.1, 0.0, 1.0),1,0,0,0,0,0,0,False,0,0,
637582340835833210,1898933,468629,31,31,3,0.7968771,0.8531104,0,5.09024,5.056046,0,(0.5, 0.7),(0.5, 0.6),(0.0, 0.0),(33.2, -2.8, -26.5),(-28.7, -3.2, -21.4),(-28.7, -3.2, -21.4),(-0.2, -0.1, 1.0),(-0.2, -0.1, 1.0),(-0.2, -0.1, 1.0),1,0,0,0,0,0,0,False,0,0,
637582340835913218,1898941,468630,31,31,3,0.7968771,0.8531104,0,5.045502,4.975739,0,(0.5, 0.7),(0.5, 0.6),(0.0, 0.0),(33.0, -2.8, -26.4),(-28.9, -3.2, -21.5),(-28.9, -3.2, -21.5),(-0.3, 0.0, 1.0),(-0.2, 0.0, 1.0),(-0.2, 0.0, 1.0),1,0,0,0,0,0,0,False,0,0,
637582340836003168,1898949,468631,31,31,3,0.8904916,0.8664515,0,5.069824,4.861938,0,(0.5, 0.7),(0.5, 0.6),(0.0, 0.0),(33.0, -2.8, -26.4),(-28.9, -3.2, -21.5),(-28.9, -3.2, -21.5),(-0.3, -0.1, 1.0),(-0.2, 0.0, 1.0),(-0.2, 0.0, 1.0),1,0,0,0,0,0,0,False,0,0,
637582340836132819,1898958,468632,31,31,3,0.8904916,0.8664515,0,5.060623,4.912857,0,(0.5, 0.7),(0.5, 0.6),(0.0, 0.0),(33.0, -2.8, -26.4),(-28.9, -3.2, -21.5),(-28.2, -3.2, -21.5),(-0.3, -0.1, 1.0),(-0.2, 0.0, 1.0),(-0.2, 0.0, 1.0),1,0,0,0,0,0,0,False,0,0,
637582340836212603,1898966,468633,31,31,3,0.9200869,0.8578323,0,5.01622,4.779053,0,(0.5, 0.7),(0.5, 0.6),(0.0, 0.0),(33.1, -2.8, -26.4),(-28.9, -3.2, -21.5),(-28.2, -3.2, -21.5),(-0.3, 0.0, 1.0),(-0.2, 0.0, 1.0),(-0.2, 0.0, 1.0),1,0,0,0,0,0,0,False,0,0,
637582340836252502,1898974,468634,31,31,3,0.9205989,0.858682,0,4.922165,4.756332,0,(0.5, 0.7),(0.5, 0.6),(0.0, 0.0),(33.1, -2.8, -26.4),(-28.9, -3.2, -21.5),(-28.4, -3.2, -21.5),(-0.3, 0.0, 1.0),(-0.2, 0.0, 1.0),(-0.2, 0.0, 1.0),1,0,0,0,0,0,0,False,0,0,
637582340836347296,1898983,468635,31,31,3,0.9515789,0.8706852,0,4.881073,4.629807,0,(0.5, 0.7),(0.5, 0.6),(0.0, 0.0),(33.1, -2.8, -26.4),(-29.0, -3.2, -21.5),(-28.5, -3.2, -21.5),(-0.3, -0.1, 1.0),(-0.2, 0.0, 1.0),(-0.2, 0.0, 1.0),1,0,0,0,0,0,0,False,0,0,
637582340836422259,1898991,468636,31,31,3,0.9515789,0.8706852,0,4.810669,4.701248,0,(0.5, 0.7),(0.5, 0.6),(0.0, 0.0),(33.1, -2.8, -26.4),(-29.0, -3.2, -21.5),(-26.1, -3.2, -21.7),(-0.3, -0.1, 1.0),(-0.2, 0.0, 1.0),(-0.2, 0.0, 1.0),1,0,0,0,0,0,0,False,0,0,
637582340836502043,1898999,468637,31,31,3,0.9454039,0.884221,0,4.738052,4.521057,0,(0.5, 0.7),(0.5, 0.6),(0.0, 0.0),(33.1, -2.8, -26.4),(-29.0, -3.2, -21.4),(-25.0, -3.2, -21.8),(-0.2, -0.1, 1.0),(-0.2, 0.0, 1.0),(-0.2, 0.0, 1.0),1,0,0,0,0,0,0,False,0,0,
637582340836581998,1899008,468638,31,31,3,0.9454039,0.884221,0,4.757767,4.522949,0,(0.5, 0.7),(0.5, 0.6),(0.0, 0.0),(33.1, -2.8, -26.4),(-28.9, -3.2, -21.4),(2.8, -3.0, -24.0),(-0.2, -0.1, 1.0),(-0.2, 0.0, 1.0),(-0.2, 0.0, 1.0),1,0,0,0,0,0,0,False,0,0,
637582340836661961,1899016,468639,31,31,3,0.9326699,0.8984231,0,4.740021,4.411423,0,(0.5, 0.7),(0.5, 0.6),(0.0, 0.0),(33.1, -2.8, -26.4),(-28.9, -3.2, -21.4),(3.2, -3.0, -24.0),(-0.2, -0.1, 1.0),(-0.2, 0.0, 1.0),(-0.2, 0.0, 1.0),1,0,0,0,0,0,0,False,0,0,
637582340836746871,1899024,468640,31,31,3,0.9326699,0.8984231,0,4.62793,4.484467,0,(0.5, 0.7),(0.5, 0.6),(0.0, 0.0),(33.2, -2.7, -26.5),(-28.9, -3.2, -21.4),(1.4, -3.0, -23.9),(-0.2, 0.0, 1.0),(-0.2, 0.0, 1.0),(-0.2, 0.0, 1.0),1,0,0,0,0,0,0,False,0,0,
637582340836831699,1899033,468641,31,31,3,0.9593353,0.8974989,0,4.555298,4.427078,0,(0.5, 0.7),(0.5, 0.6),(0.0, 0.0),(33.2, -2.7, -26.5),(-28.9, -3.2, -21.4),(1.3, -3.0, -23.9),(-0.2, 0.0, 1.0),(-0.2, 0.0, 1.0),(-0.2, 0.0, 1.0),1,0,0,0,0,0,0,False,0,0,
637582340836911677,1899041,468642,31,31,3,0.9593353,0.8974989,0,4.547958,4.278366,0,(0.5, 0.7),(0.5, 0.6),(0.0, 0.0),(33.2, -2.7, -26.5),(-28.9, -3.2, -21.4),(-1.4, -3.0, -23.7),(-0.2, 0.0, 1.0),(-0.2, 0.0, 1.0),(-0.2, 0.0, 1.0),1,0,0,0,0,0,0,False,0,0,
637582340837016464,1899049,468643,31,31,3,0.9626681,0.9072066,0,4.545303,4.309174,0,(0.5, 0.7),(0.5, 0.6),(0.0, 0.0),(33.3, -2.8, -26.3),(-28.9, -3.2, -21.4),(-2.0, -3.0, -23.5),(-0.2, 0.0, 1.0),(-0.2, 0.0, 1.0),(-0.2, 0.0, 1.0),1,0,0,0,0,0,0,False,0,0,
637582340837086280,1899058,468644,31,31,3,0.9626681,0.9072066,0,4.454468,4.221283,0,(0.5, 0.7),(0.5, 0.6),(0.0, 0.0),(33.3, -2.8, -26.5),(-28.9, -3.1, -21.4),(-2.5, -3.0, -23.5),(-0.2, 0.0, 1.0),(-0.2, 0.0, 1.0),(-0.2, 0.0, 1.0),1,0,0,0,0,0,0,False,0,0,
637582340837166061,1899066,468645,31,31,3,0.9626394,0.9096217,0,4.347702,4.198166,0,(0.5, 0.7),(0.5, 0.6),(0.0, 0.0),(33.3, -2.7, -26.5),(-28.8, -3.1, -21.4),(-4.4, -3.0, -23.4),(-0.2, 0.0, 1.0),(-0.2, 0.0, 1.0),(-0.2, 0.0, 1.0),1,0,0,0,0,0,0,False,0,0,
637582340837245851,1899074,468646,31,31,3,0.9626394,0.9096217,0,4.340378,4.158508,0,(0.5, 0.7),(0.5, 0.6),(0.0, 0.0),(33.3, -2.7, -26.7),(-28.8, -3.1, -21.4),(-8.6, -3.0, -23.1),(-0.2, 0.0, 1.0),(-0.2, 0.0, 1.0),(-0.2, 0.0, 1.0),1,0,0,0,0,0,0,False,0,0,
637582340837335606,1899083,468647,31,31,3,0.9367653,0.9255837,0,4.193237,4.073029,0,(0.5, 0.7),(0.5, 0.6),(0.0, 0.0),(33.3, -2.4, -27.4),(-28.8, -3.1, -21.4),(-27.9, -3.1, -21.5),(-0.2, 0.0, 1.0),(-0.2, 0.0, 1.0),(-0.2, 0.0, 1.0),1,0,0,0,0,0,0,False,0,0,
637582340837425548,1899091,468648,31,31,3,0.9367653,0.9255837,0,4.097366,4.097198,0,(0.5, 0.7),(0.5, 0.6),(0.0, 0.0),(33.3, -2.3, -27.6),(-28.8, -3.1, -21.4),(-28.8, -3.1, -21.4),(-0.2, 0.0, 1.0),(-0.2, 0.0, 1.0),(-0.2, 0.0, 1.0),1,0,0,0,0,0,0,False,0,0,
637582340837505498,1899099,468649,31,31,3,0.948319,0.9404005,0,4.155319,3.949783,0,(0.5, 0.7),(0.5, 0.6),(0.0, 0.0),(33.3, -2.3, -27.5),(-28.8, -3.1, -21.4),(-28.8, -3.1, -21.4),(-0.2, 0.0, 1.0),(-0.2, 0.0, 1.0),(-0.2, 0.0, 1.0),1,0,0,0,0,0,0,False,0,0,
637582340837585281,1899108,468650,31,31,3,0.9486603,0.9407908,0,4.098923,3.940155,0,(0.5, 0.7),(0.5, 0.6),(0.0, 0.0),(33.4, -2.4, -27.3),(-28.7, -3.1, -21.4),(-28.7, -3.1, -21.4),(-0.2, 0.0, 1.0),(-0.2, 0.0, 1.0),(-0.2, 0.0, 1.0),1,0,0,0,0,0,0,False,0,0,
637582340837670122,1899116,468651,31,31,3,0.950549,0.9499258,0,4.11554,3.874451,0,(0.5, 0.7),(0.5, 0.6),(0.0, 0.0),(33.4, -2.4, -27.4),(-28.7, -3.1, -21.4),(-28.7, -3.1, -21.4),(-0.2, 0.0, 1.0),(-0.2, 0.0, 1.0),(-0.2, 0.0, 1.0),1,0,0,0,0,0,0,False,0,0,
637582340837753810,1899124,468652,31,31,3,0.950549,0.9499258,0,4.181366,3.782471,0,(0.5, 0.7),(0.5, 0.6),(0.0, 0.0),(33.4, -2.6, -26.8),(-28.7, -3.1, -21.4),(-28.7, -3.1, -21.4),(-0.2, 0.0, 1.0),(-0.2, 0.0, 1.0),(-0.2, 0.0, 1.0),1,0,0,0,0,0,0,False,0,0,
637582340837828783,1899133,468653,31,31,3,0.9262968,0.9583495,0,4.060898,3.738052,0,(0.5, 0.7),(0.5, 0.6),(0.0, 0.0),(33.5, -2.6, -26.8),(-28.7, -3.1, -21.4),(-28.7, -3.1, -21.4),(-0.2, 0.0, 1.0),(-0.2, 0.0, 1.0),(-0.2, 0.0, 1.0),1,0,0,0,0,0,0,False,0,0,
637582340837918546,1899141,468654,31,31,3,0.9262968,0.9583495,0,4.072403,3.766724,0,(0.5, 0.7),(0.5, 0.6),(0.0, 0.0),(33.5, -2.5, -26.9),(-28.7, -3.1, -21.3),(-28.7, -3.1, -21.3),(-0.2, 0.0, 1.0),(-0.2, 0.0, 1.0),(-0.2, 0.0, 1.0),1,0,0,0,0,0,0,False,0,0,
637582340837998329,1899149,468655,31,31,3,0.9552978,0.9588228,0,4.060913,3.686859,0,(0.5, 0.7),(0.5, 0.6),(0.0, 0.0),(33.5, -2.5, -26.9),(-28.6, -3.1, -21.4),(-28.6, -3.1, -21.4),(-0.2, 0.0, 1.0),(-0.2, 0.0, 1.0),(-0.2, 0.0, 1.0),1,0,0,0,0,0,0,False,0,0,
637582340838090314,1899158,468656,31,31,3,0.9552978,0.9588228,0,4.050369,3.766113,0,(0.5, 0.7),(0.5, 0.6),(0.0, 0.0),(33.5, -2.5, -26.8),(-28.6, -3.1, -21.4),(-28.6, -3.1, -21.4),(-0.2, 0.0, 1.0),(-0.2, 0.0, 1.0),(-0.2, 0.0, 1.0),1,0,0,0,0,0,0,False,0,0,
637582340838190047,1899166,468657,31,31,3,0.9551314,0.9757698,0,4.047287,3.677826,0,(0.5, 0.7),(0.5, 0.6),(0.0, 0.0),(33.5, -2.5, -26.8),(-28.7, -3.1, -21.3),(-28.7, -3.1, -21.4),(-0.2, 0.0, 1.0),(-0.2, 0.0, 1.0),(-0.2, 0.0, 1.0),1,0,0,0,0,0,0,False,0,0,
637582340838253797,1899174,468658,31,31,3,0.9551314,0.9757698,0,3.918213,3.731171,0,(0.5, 0.7),(0.5, 0.6),(0.0, 0.0),(33.5, -2.4, -27.2),(-28.7, -3.1, -21.3),(-28.6, -3.1, -21.3),(-0.2, 0.0, 1.0),(-0.2, 0.0, 1.0),(-0.2, 0.0, 1.0),1,0,0,0,0,0,0,False,0,0,
637582340838368695,1899183,468659,31,31,3,0.9408808,0.9851645,0,3.901123,3.70546,0,(0.5, 0.7),(0.5, 0.6),(0.0, 0.0),(33.5, -2.4, -27.2),(-28.7, -3.1, -21.3),(-28.4, -3.1, -21.4),(-0.2, 0.0, 1.0),(-0.2, 0.0, 1.0),(-0.2, 0.0, 1.0),1,0,0,0,0,0,0,False,0,0,
637582340838418564,1899191,468660,31,31,3,0.9408808,0.9851645,0,3.938187,3.671478,0,(0.5, 0.7),(0.5, 0.6),(0.0, 0.0),(33.6, -2.6, -26.6),(-28.6, -3.1, -21.3),(-28.2, -3.1, -21.4),(-0.2, 0.0, 1.0),(-0.2, 0.0, 1.0),(-0.2, 0.0, 1.0),1,0,0,0,0,0,0,False,0,0,
637582340838498353,1899199,468661,31,31,3,0.9288245,0.9621232,0,3.91011,3.694397,0,(0.5, 0.7),(0.5, 0.6),(0.0, 0.0),(33.6, -2.6, -26.5),(-28.6, -3.1, -21.3),(-27.2, -3.0, -21.5),(-0.2, 0.0, 1.0),(-0.2, 0.0, 1.0),(-0.2, 0.0, 1.0),1,0,0,0,0,0,0,False,0,0,
637582340838608061,1899208,468662,31,31,3,0.9288245,0.9621232,0,3.881897,3.704773,0,(0.5, 0.7),(0.5, 0.6),(0.0, 0.0),(33.6, -2.6, -26.6),(-28.6, -3.1, -21.3),(-27.9, -3.0, -21.4),(-0.2, 0.0, 1.0),(-0.2, 0.0, 1.0),(-0.2, 0.0, 1.0),1,0,0,0,0,0,0,False,0,0,
637582340838687844,1899216,468663,31,31,3,0.9339235,0.9465069,0,3.84642,3.647156,0,(0.5, 0.7),(0.5, 0.6),(0.0, 0.0),(33.6, -2.6, -26.6),(-28.6, -3.0, -21.3),(-28.2, -3.0, -21.4),(-0.2, 0.0, 1.0),(-0.2, 0.0, 1.0),(-0.2, 0.0, 1.0),1,0,0,0,0,0,0,False,0,0,
637582340838747685,1899224,468664,31,31,3,0.9339235,0.9465069,0,3.734116,3.591324,0,(0.5, 0.7),(0.5, 0.6),(0.0, 0.0),(33.5, -2.3, -27.3),(-28.6, -3.0, -21.3),(-28.5, -3.0, -21.3),(-0.2, 0.0, 1.0),(-0.2, 0.0, 1.0),(-0.2, 0.0, 1.0),1,0,0,0,0,0,0,False,0,0,
637582340838837447,1899233,468665,31,31,3,0.8774748,0.933189,0,3.665741,3.650375,0,(0.5, 0.7),(0.5, 0.6),(0.0, 0.0),(33.5, -2.2, -27.6),(-28.6, -3.0, -21.3),(-28.6, -3.0, -21.3),(-0.2, 0.0, 1.0),(-0.2, 0.0, 1.0),(-0.2, 0.0, 1.0),1,0,0,0,0,0,0,False,0,0,
637582340838917230,1899241,468666,31,31,3,0.8782237,0.9336231,0,3.598373,3.624542,0,(0.5, 0.7),(0.5, 0.6),(0.0, 0.0),(33.4, -1.9, -28.3),(-28.5, -3.0, -21.3),(-28.5, -3.0, -21.3),(-0.2, 0.0, 1.0),(-0.2, 0.0, 1.0),(-0.2, 0.0, 1.0),1,0,0,0,0,0,0,False,0,0,
637582340839046894,1899249,468667,31,31,3,0.6225675,0.888503,0,3.658768,3.635223,0,(0.5, 0.7),(0.5, 0.6),(0.0, 0.0),(33.4, -1.6, -28.9),(-28.4, -2.9, -21.3),(-28.4, -2.9, -21.3),(-0.1, 0.0, 1.0),(-0.2, 0.0, 1.0),(-0.2, 0.0, 1.0),1,0,0,0,0,0,0,False,0,0,
637582340839096749,1899258,468668,25,25,0,0.6225675,0.888503,0,-1,-1,0,(0.5, 0.7),(0.5, 0.6),(0.0, 0.0),(33.3, -1.7, -28.5),(-28.4, -2.8, -21.3),(-1.0, -1.0, -1.0),(0.0, 0.0, 0.0),(0.0, 0.0, 0.0),(-1.0, -1.0, -1.0),1,0,0,0,0,0,0,False,0,0,
637582340839166562,1899266,468669,25,25,0,0.301482,0.6492662,0,-1,-1,0,(0.5, 0.7),(0.4, 0.6),(0.0, 0.0),(33.3, 1.4, -41.4),(-27.8, -3.7, -21.4),(-1.0, -1.0, -1.0),(0.0, 0.0, 0.0),(0.0, 0.0, 0.0),(-1.0, -1.0, -1.0),1,0,0,0,0,0,0,False,0,0,
637582340839236378,1899274,468670,24,25,0,0.301482,0.6492662,0,-1,-1,0,(0.5, 0.7),(0.4, 0.7),(0.0, 0.0),(33.3, 1.4, -41.4),(-28.3, -4.3, -21.4),(-1.0, -1.0, -1.0),(0.0, 0.0, 0.0),(0.0, 0.0, 0.0),(-1.0, -1.0, -1.0),1,0,0,0,0,0,0,False,0,0,
637582340839321156,1899283,468671,24,25,0,0,0.3389848,0,-1,-1,0,(0.5, 0.7),(0.5, 0.7),(0.0, 0.0),(33.3, 1.4, -41.4),(-28.9, -4.2, -21.6),(-1.0, -1.0, -1.0),(0.0, 0.0, 0.0),(0.0, 0.0, 0.0),(-1.0, -1.0, -1.0),1,0,0,0,0,0,0,False,0,0,
637582340839400948,1899291,468672,24,24,0,0,0.3389848,0,-1,-1,0,(0.5, 0.7),(0.5, 0.7),(0.0, 0.0),(33.3, 1.4, -41.4),(-28.9, -4.2, -21.6),(-1.0, -1.0, -1.0),(0.0, 0.0, 0.0),(0.0, 0.0, 0.0),(-1.0, -1.0, -1.0),1,0,0,0,0,0,0,False,0,0,
637582340839490706,1899299,468673,24,25,0,0,0.1782943,0,-1,-1,0,(0.5, 0.7),(0.5, 0.7),(0.0, 0.0),(33.3, 1.4, -41.4),(-28.9, -4.2, -21.5),(-1.0, -1.0, -1.0),(0.0, 0.0, 0.0),(0.0, 0.0, 0.0),(-1.0, -1.0, -1.0),1,0,0,0,0,0,0,False,0,0,
637582340839580466,1899308,468674,25,25,0,0,0.1782943,0,-1,-1,0,(0.5, 0.7),(0.4, 0.7),(0.0, 0.0),(33.9, -3.2, -27.0),(-28.2, -4.5, -21.4),(-1.0, -1.0, -1.0),(0.0, 0.0, 0.0),(0.0, 0.0, 0.0),(-1.0, -1.0, -1.0),1,0,0,0,0,0,0,False,0,0,
637582340839670225,1899316,468675,25,25,0,0,0.1777421,0,-1,-1,0,(0.5, 0.7),(0.4, 0.7),(0.0, 0.0),(33.8, -3.3, -27.0),(-27.7, -3.8, -21.3),(-1.0, -1.0, -1.0),(0.0, 0.0, 0.0),(0.0, 0.0, 0.0),(-1.0, -1.0, -1.0),1,0,0,0,0,0,0,False,0,0,
637582340839759988,1899324,468676,25,25,0,0,0.1777421,0,-1,-1,0,(0.5, 0.7),(0.5, 0.7),(0.0, 0.0),(33.6, -1.9, -27.9),(-27.8, -3.8, -21.4),(-1.0, -1.0, -1.0),(0.0, 0.0, 0.0),(0.0, 0.0, 0.0),(-1.0, -1.0, -1.0),1,0,0,0,0,0,0,False,0,0,
637582340839829799,1899333,468677,25,25,0,0,0.304342,0,-1,-1,0,(0.5, 0.7),(0.5, 0.6),(0.0, 0.0),(33.7, -1.9, -27.8),(-28.1, -3.1, -21.2),(-1.0, -1.0, -1.0),(0.0, 0.0, 0.0),(0.0, 0.0, 0.0),(-1.0, -1.0, -1.0),1,0,0,0,0,0,0,False,0,0,
637582340839919558,1899341,468678,25,25,0,0,0.304342,0,-1,-1,0,(0.5, 0.7),(0.5, 0.6),(0.0, 0.0),(33.7, -2.0, -27.8),(-28.1, -3.1, -21.1),(-1.0, -1.0, -1.0),(0.0, 0.0, 0.0),(0.0, 0.0, 0.0),(-1.0, -1.0, -1.0),1,0,0,0,0,0,0,False,0,0,
637582340840019385,1899349,468679,25,25,0,0.03402822,0.4628869,0,-1,-1,0,(0.5, 0.7),(0.5, 0.6),(0.0, 0.0),(33.7, -2.0, -27.8),(-28.1, -3.1, -21.2),(-1.0, -1.0, -1.0),(0.0, 0.0, 0.0),(0.0, 0.0, 0.0),(-1.0, -1.0, -1.0),1,0,0,0,0,0,0,False,0,0,
637582340840089201,1899358,468680,31,31,3,0.03402822,0.4628869,0,3.251205,3.328461,0,(0.5, 0.7),(0.5, 0.6),(0.0, 0.0),(33.7, -2.0, -27.9),(-28.1, -3.2, -21.2),(-28.1, -3.2, -21.2),(-0.1, -0.1, 1.0),(-0.2, 0.0, 1.0),(-0.2, 0.0, 1.0),1,0,0,0,0,0,0,False,0,0,
637582340840178958,1899366,468681,31,31,3,0.2878444,0.5816481,0,3.396042,3.461136,0,(0.5, 0.7),(0.5, 0.6),(0.0, 0.0),(33.7, -2.1, -27.7),(-28.1, -3.2, -21.2),(-28.1, -3.2, -21.2),(-0.2, -0.1, 1.0),(-0.2, 0.0, 1.0),(-0.2, 0.0, 1.0),1,0,0,0,0,0,0,False,0,0,
637582340840298635,1899374,468682,31,31,3,0.2878444,0.5816481,0,3.288483,3.398544,0,(0.5, 0.7),(0.5, 0.6),(0.0, 0.0),(33.7, -2.1, -27.8),(-28.0, -3.4, -21.3),(-28.0, -3.4, -21.3),(-0.2, -0.1, 1.0),(-0.2, 0.0, 1.0),(-0.2, 0.0, 1.0),1,0,0,0,0,0,0,False,0,0,
637582340840348504,1899383,468683,31,31,3,0.3807786,0.6791478,0,3.361465,3.378143,0,(0.5, 0.7),(0.5, 0.6),(0.0, 0.0),(33.7, -2.1, -27.7),(-28.1, -3.2, -21.2),(-27.9, -3.2, -21.2),(-0.2, -0.1, 1.0),(-0.2, 0.0, 1.0),(-0.2, 0.0, 1.0),1,0,0,0,0,0,0,False,0,0,
637582340840428291,1899391,468684,31,31,3,0.3807786,0.6791478,0,3.407883,3.337479,0,(0.5, 0.7),(0.5, 0.6),(0.0, 0.0),(33.7, -2.1, -27.9),(-28.2, -3.2, -21.2),(-24.2, -3.1, -21.6),(-0.2, -0.1, 1.0),(-0.2, 0.0, 1.0),(-0.2, 0.0, 1.0),1,0,0,0,0,0,0,False,0,0,
637582340840587866,1899399,468685,31,31,3,0.4583845,0.7427714,0,3.323593,3.290146,0,(0.5, 0.7),(0.5, 0.6),(0.0, 0.0),(33.7, -2.1, -27.7),(-28.3, -3.1, -21.2),(12.0, -2.5, -25.4),(-0.2, 0.0, 1.0),(-0.2, 0.0, 1.0),(-0.2, 0.0, 1.0),1,0,0,0,0,0,0,False,0,0,
637582340840607811,1899408,468686,31,31,3,0.4583845,0.7427714,0,3.320404,3.297791,0,(0.5, 0.7),(0.5, 0.6),(0.0, 0.0),(33.7, -2.2, -27.7),(-28.2, -3.1, -21.2),(-8.9, -2.8, -23.2),(-0.2, 0.0, 1.0),(-0.2, 0.0, 1.0),(-0.2, 0.0, 1.0),1,0,0,0,0,0,0,False,0,0,
637582340840697571,1899416,468687,31,31,3,0.5331417,0.7983674,0,3.340332,3.257706,0,(0.5, 0.7),(0.5, 0.6),(0.0, 0.0),(33.7, -2.1, -27.8),(-28.1, -3.2, -21.2),(-8.7, -2.9, -23.3),(-0.2, 0.0, 1.0),(-0.2, 0.0, 1.0),(-0.2, 0.0, 1.0),1,0,0,0,0,0,0,False,0,0,
637582340840747436,1899424,468688,31,31,3,0.5331417,0.7983674,0,3.237457,3.319351,0,(0.5, 0.7),(0.5, 0.6),(0.0, 0.0),(33.7, -2.2, -27.7),(-28.1, -3.2, -21.2),(-12.7, -3.0, -22.8),(-0.2, 0.0, 1.0),(-0.2, 0.0, 1.0),(-0.2, 0.0, 1.0),1,0,0,0,0,0,0,False,0,0,
637582340840837201,1899433,468689,31,31,3,0.5935773,0.8563873,0,3.321655,3.344299,0,(0.5, 0.7),(0.5, 0.6),(0.0, 0.0),(33.7, -2.1, -27.7),(-28.2, -3.1, -21.2),(-12.3, -2.8, -22.9),(-0.2, 0.0, 1.0),(-0.2, 0.0, 1.0),(-0.2, 0.0, 1.0),1,0,0,0,0,0,0,False,0,0,
637582340840926956,1899441,468690,31,31,3,0.5935773,0.8563873,0,3.313461,3.290588,0,(0.5, 0.7),(0.5, 0.6),(0.0, 0.0),(33.8, -2.1, -27.7),(-28.2, -3.1, -21.2),(-6.6, -2.7, -23.5),(-0.2, -0.1, 1.0),(-0.2, 0.0, 1.0),(-0.2, 0.0, 1.0),1,0,0,0,0,0,0,False,0,0,
637582340841026688,1899449,468691,31,31,3,0.5793854,0.8344854,0,3.183365,3.332657,0,(0.5, 0.7),(0.5, 0.6),(0.0, 0.0),(33.7, -2.0, -27.9),(-28.3, -3.1, -21.2),(-12.7, -2.8, -22.9),(-0.2, -0.1, 1.0),(-0.2, 0.0, 1.0),(-0.2, 0.0, 1.0),1,0,0,0,0,0,0,False,0,0,
637582340841086530,1899458,468692,31,31,3,0.5793854,0.8344854,0,3.255539,3.295868,0,(0.5, 0.7),(0.5, 0.6),(0.0, 0.0),(33.7, -2.0, -27.9),(-28.2, -3.0, -21.2),(-15.0, -2.8, -22.7),(-0.2, -0.1, 1.0),(-0.2, 0.0, 1.0),(-0.2, 0.0, 1.0),1,0,0,0,0,0,0,False,0,0,
637582340841176294,1899466,468693,31,31,3,0.5797448,0.8053181,0,3.274979,3.106461,0,(0.5, 0.7),(0.5, 0.6),(0.0, 0.0),(33.7, -1.9, -28.3),(-28.3, -3.0, -21.3),(-25.5, -3.0, -21.6),(-0.2, 0.0, 1.0),(-0.2, 0.0, 1.0),(-0.2, 0.0, 1.0),1,0,0,0,0,0,0,False,0,0,
637582340841266049,1899474,468694,25,25,0,0.5797448,0.8053181,0,-1,-1,0,(0.5, 0.7),(0.5, 0.6),(0.0, 0.0),(33.7, -1.9, -28.5),(-28.2, -2.9, -21.3),(-1.0, -1.0, -1.0),(0.0, 0.0, 0.0),(0.0, 0.0, 0.0),(-1.0, -1.0, -1.0),1,0,0,0,0,0,0,False,0,0,
637582340841335864,1899483,468695,25,25,0,0.4070134,0.6753727,0,-1,-1,0,(0.5, 0.7),(0.5, 0.6),(0.0, 0.0),(33.6, -1.9, -28.1),(-28.2, -2.9, -21.2),(-1.0, -1.0, -1.0),(0.0, 0.0, 0.0),(0.0, 0.0, 0.0),(-1.0, -1.0, -1.0),1,0,0,0,0,0,0,False,0,0,
