PCTimestamp,PCTimestampUnit,Timestamp,TimestampUnit,GSRData,GSRUnit,PPGData,PPGUnit
-1,-1,-1,-1,-1,-1,-1,-1
1622465108627,mSecs,1622465108626,mSecs,102.56635514018694,kOhms,0.73260073260073255,mVolts
1622465108635,mSecs,1622465108634,mSecs,102.56635514018694,kOhms,0,mVolts
1622465108635,mSecs,1622465108641,mSecs,102.56635514018694,kOhms,0,mVolts
1622465108635,mSecs,1622465108649,mSecs,102.56635514018694,kOhms,0,mVolts
1622465108651,mSecs,1622465108657,mSecs,102.56635514018694,kOhms,0,mVolts
1622465108652,mSecs,1622465108665,mSecs,102.56635514018694,kOhms,0,mVolts
1622465108702,mSecs,1622465108673,mSecs,102.56635514018694,kOhms,0,mVolts
1622465108702,mSecs,1622465108681,mSecs,102.56635514018694,kOhms,0,mVolts
1622465108716,mSecs,1622465108688,mSecs,104.71932638331997,kOhms,0,mVolts
1622465108727,mSecs,1622465108696,mSecs,104.77534100026745,kOhms,0,mVolts
1622465108729,mSecs,1622465108704,mSecs,104.71932638331997,kOhms,0,mVolts
1622465108729,mSecs,1622465108712,mSecs,104.77534100026745,kOhms,0,mVolts
1622465108742,mSecs,1622465108720,mSecs,104.71932638331997,kOhms,0,mVolts
1622465108761,mSecs,1622465108727,mSecs,104.71932638331997,kOhms,0.73260073260073255,mVolts
1622465108795,mSecs,1622465108735,mSecs,104.71932638331997,kOhms,0,mVolts
1622465108805,mSecs,1622465108743,mSecs,104.71932638331997,kOhms,0,mVolts
1622465108805,mSecs,1622465108751,mSecs,104.77534100026745,kOhms,0,mVolts
1622465108827,mSecs,1622465108759,mSecs,104.71932638331997,kOhms,0,mVolts
1622465108837,mSecs,1622465108766,mSecs,104.71932638331997,kOhms,0,mVolts
1622465108842,mSecs,1622465108774,mSecs,104.77534100026745,kOhms,0,mVolts
1622465108842,mSecs,1622465108782,mSecs,104.77534100026745,kOhms,0,mVolts
1622465108847,mSecs,1622465108790,mSecs,104.77534100026745,kOhms,0,mVolts
1622465108853,mSecs,1622465108798,mSecs,104.77534100026745,kOhms,0,mVolts
1622465108861,mSecs,1622465108806,mSecs,104.83141557398983,kOhms,0,mVolts
1622465108861,mSecs,1622465108813,mSecs,104.77534100026745,kOhms,0,mVolts
1622465108870,mSecs,1622465108821,mSecs,104.77534100026745,kOhms,0,mVolts
1622465108881,mSecs,1622465108829,mSecs,104.83141557398983,kOhms,0,mVolts
1622465108884,mSecs,1622465108837,mSecs,104.83141557398983,kOhms,0,mVolts
1622465108884,mSecs,1622465108845,mSecs,104.77534100026745,kOhms,0,mVolts
1622465108908,mSecs,1622465108852,mSecs,104.77534100026745,kOhms,0,mVolts
1622465109015,mSecs,1622465108860,mSecs,104.83141557398983,kOhms,0,mVolts
1622465109087,mSecs,1622465108868,mSecs,104.88755020080323,kOhms,0,mVolts
1622465109088,mSecs,1622465108876,mSecs,104.83141557398983,kOhms,0,mVolts
1622465109093,mSecs,1622465108884,mSecs,104.83141557398983,kOhms,0,mVolts
1622465109167,mSecs,1622465108891,mSecs,104.83141557398983,kOhms,0,mVolts
1622465109167,mSecs,1622465108899,mSecs,104.83141557398983,kOhms,0,mVolts
1622465109197,mSecs,1622465108907,mSecs,104.83141557398983,kOhms,0,mVolts
1622465109211,mSecs,1622465108915,mSecs,104.88755020080323,kOhms,0,mVolts
1622465109485,mSecs,1622465108923,mSecs,104.83141557398983,kOhms,0,mVolts
1622465109497,mSecs,1622465108931,mSecs,104.88755020080323,kOhms,0,mVolts
1622465109497,mSecs,1622465108938,mSecs,104.83141557398983,kOhms,0,mVolts
1622465109508,mSecs,1622465108946,mSecs,104.88755020080323,kOhms,0,mVolts
1622465109517,mSecs,1622465108954,mSecs,104.83141557398983,kOhms,0,mVolts
1622465109517,mSecs,1622465108962,mSecs,104.88755020080323,kOhms,0.73260073260073255,mVolts
1622465109522,mSecs,1622465108970,mSecs,104.94374497723012,kOhms,0,mVolts
1622465109523,mSecs,1622465108977,mSecs,104.88755020080323,kOhms,0,mVolts
1622465109541,mSecs,1622465108985,mSecs,104.83141557398983,kOhms,0,mVolts
1622465109545,mSecs,1622465108993,mSecs,104.88755020080323,kOhms,0,mVolts
1622465109545,mSecs,1622465109001,mSecs,104.88755020080323,kOhms,0,mVolts
1622465109554,mSecs,1622465109009,mSecs,104.94374497723012,kOhms,0,mVolts
1622465109576,mSecs,1622465109016,mSecs,104.88755020080323,kOhms,0,mVolts
1622465109597,mSecs,1622465109024,mSecs,104.94374497723012,kOhms,0,mVolts
1622465109597,mSecs,1622465109032,mSecs,104.88755020080323,kOhms,0,mVolts
1622465109603,mSecs,1622465109040,mSecs,104.94374497723012,kOhms,0,mVolts
1622465109622,mSecs,1622465109048,mSecs,104.94374497723012,kOhms,0.73260073260073255,mVolts
1622465109623,mSecs,1622465109056,mSecs,105.00000000000001,kOhms,0,mVolts
1622465109623,mSecs,1622465109063,mSecs,104.94374497723012,kOhms,0,mVolts
1622465109623,mSecs,1622465109071,mSecs,104.94374497723012,kOhms,0,mVolts
1622465109623,mSecs,1622465109079,mSecs,104.94374497723012,kOhms,0,mVolts
1622465109623,mSecs,1622465109087,mSecs,105.00000000000001,kOhms,0,mVolts
1622465109623,mSecs,1622465109095,mSecs,104.94374497723012,kOhms,0,mVolts
1622465109623,mSecs,1622465109102,mSecs,105.00000000000001,kOhms,0,mVolts
1622465109624,mSecs,1622465109110,mSecs,105.00000000000001,kOhms,0,mVolts
1622465109636,mSecs,1622465109118,mSecs,105.00000000000001,kOhms,0,mVolts
1622465109636,mSecs,1622465109126,mSecs,105.00000000000001,kOhms,0,mVolts
1622465109648,mSecs,1622465109134,mSecs,105.05631536604989,kOhms,0,mVolts
1622465109648,mSecs,1622465109141,mSecs,105.05631536604989,kOhms,0,mVolts
1622465109648,mSecs,1622465109149,mSecs,105.05631536604989,kOhms,0,mVolts
1622465109648,mSecs,1622465109157,mSecs,105.00000000000001,kOhms,0,mVolts
1622465109648,mSecs,1622465109165,mSecs,105.11269117252483,kOhms,0,mVolts
1622465109648,mSecs,1622465109173,mSecs,105.05631536604989,kOhms,0,mVolts
1622465109648,mSecs,1622465109181,mSecs,105.11269117252483,kOhms,0,mVolts
1622465109648,mSecs,1622465109188,mSecs,105.11269117252483,kOhms,0,mVolts
1622465109648,mSecs,1622465109196,mSecs,105.05631536604989,kOhms,0,mVolts
1622465109652,mSecs,1622465109204,mSecs,105.05631536604989,kOhms,0,mVolts
1622465109652,mSecs,1622465109212,mSecs,105.11269117252483,kOhms,0,mVolts
1622465109652,mSecs,1622465109220,mSecs,105.05631536604989,kOhms,0,mVolts
1622465109653,mSecs,1622465109227,mSecs,105.05631536604989,kOhms,0,mVolts
1622465109653,mSecs,1622465109235,mSecs,105.11269117252483,kOhms,0,mVolts
1622465109686,mSecs,1622465109243,mSecs,105.11269117252483,kOhms,0,mVolts
1622465109686,mSecs,1622465109251,mSecs,105.11269117252483,kOhms,0,mVolts
1622465109686,mSecs,1622465109259,mSecs,105.16912751677853,kOhms,0,mVolts
1622465109686,mSecs,1622465109266,mSecs,105.11269117252483,kOhms,0.73260073260073255,mVolts
1622465109686,mSecs,1622465109274,mSecs,105.11269117252483,kOhms,0,mVolts
1622465109686,mSecs,1622465109282,mSecs,105.05631536604989,kOhms,0,mVolts
1622465109686,mSecs,1622465109290,mSecs,105.11269117252483,kOhms,0,mVolts
1622465109686,mSecs,1622465109298,mSecs,105.05631536604989,kOhms,0,mVolts
1622465109687,mSecs,1622465109306,mSecs,105.11269117252483,kOhms,0,mVolts
1622465109687,mSecs,1622465109313,mSecs,105.05631536604989,kOhms,0,mVolts
1622465109687,mSecs,1622465109321,mSecs,105.16912751677853,kOhms,0,mVolts
1622465109687,mSecs,1622465109329,mSecs,105.11269117252483,kOhms,0,mVolts
1622465109687,mSecs,1622465109337,mSecs,105.11269117252483,kOhms,0,mVolts
1622465109687,mSecs,1622465109345,mSecs,105.11269117252483,kOhms,0,mVolts
1622465109687,mSecs,1622465109352,mSecs,105.11269117252483,kOhms,0,mVolts
1622465109687,mSecs,1622465109360,mSecs,105.05631536604989,kOhms,0,mVolts
1622465109687,mSecs,1622465109368,mSecs,105.11269117252483,kOhms,0,mVolts
1622465109687,mSecs,1622465109376,mSecs,105.11269117252483,kOhms,0.73260073260073255,mVolts
1622465109687,mSecs,1622465109384,mSecs,105.16912751677853,kOhms,0,mVolts
1622465109687,mSecs,1622465109391,mSecs,105.11269117252483,kOhms,0,mVolts
1622465109687,mSecs,1622465109399,mSecs,105.16912751677853,kOhms,0,mVolts
1622465109688,mSecs,1622465109407,mSecs,105.05631536604989,kOhms,0,mVolts
1622465109688,mSecs,1622465109415,mSecs,105.16912751677853,kOhms,0,mVolts
1622465109688,mSecs,1622465109423,mSecs,105.16912751677853,kOhms,0,mVolts
1622465109688,mSecs,1622465109431,mSecs,105.16912751677853,kOhms,0,mVolts
1622465109688,mSecs,1622465109438,mSecs,105.16912751677853,kOhms,0,mVolts
1622465109688,mSecs,1622465109446,mSecs,105.22562449637388,kOhms,0,mVolts
1622465109688,mSecs,1622465109454,mSecs,105.16912751677853,kOhms,0,mVolts
1622465109688,mSecs,1622465109462,mSecs,105.22562449637388,kOhms,0,mVolts
1622465109688,mSecs,1622465109470,mSecs,105.16912751677853,kOhms,0,mVolts
1622465109689,mSecs,1622465109477,mSecs,105.22562449637388,kOhms,0,mVolts
1622465109689,mSecs,1622465109485,mSecs,105.16912751677853,kOhms,0,mVolts
1622465109689,mSecs,1622465109493,mSecs,105.22562449637388,kOhms,0,mVolts
1622465109689,mSecs,1622465109501,mSecs,105.16912751677853,kOhms,0,mVolts
1622465109689,mSecs,1622465109509,mSecs,105.22562449637388,kOhms,0,mVolts
1622465109689,mSecs,1622465109516,mSecs,105.11269117252483,kOhms,0,mVolts
1622465109689,mSecs,1622465109524,mSecs,105.22562449637388,kOhms,0,mVolts
1622465109689,mSecs,1622465109532,mSecs,105.16912751677853,kOhms,0,mVolts
1622465109692,mSecs,1622465109540,mSecs,105.11269117252483,kOhms,0,mVolts
1622465109693,mSecs,1622465109548,mSecs,105.11269117252483,kOhms,0,mVolts
1622465109693,mSecs,1622465109556,mSecs,105.16912751677853,kOhms,0,mVolts
1622465109693,mSecs,1622465109563,mSecs,105.16912751677853,kOhms,0,mVolts
1622465109697,mSecs,1622465109571,mSecs,105.16912751677853,kOhms,0,mVolts
1622465109698,mSecs,1622465109579,mSecs,105.11269117252483,kOhms,0.73260073260073255,mVolts
1622465109723,mSecs,1622465109587,mSecs,105.16912751677853,kOhms,0.73260073260073255,mVolts
1622465109723,mSecs,1622465109595,mSecs,105.16912751677853,kOhms,0,mVolts
1622465109725,mSecs,1622465109602,mSecs,105.16912751677853,kOhms,0,mVolts
1622465109756,mSecs,1622465109610,mSecs,105.11269117252483,kOhms,0.73260073260073255,mVolts
1622465109813,mSecs,1622465109618,mSecs,105.22562449637388,kOhms,0,mVolts
1622465109814,mSecs,1622465109626,mSecs,105.16912751677853,kOhms,0,mVolts
1622465109822,mSecs,1622465109634,mSecs,105.16912751677853,kOhms,0,mVolts
1622465109822,mSecs,1622465109641,mSecs,105.28218220908357,kOhms,0,mVolts
1622465109827,mSecs,1622465109649,mSecs,105.22562449637388,kOhms,0,mVolts
1622465109828,mSecs,1622465109657,mSecs,105.22562449637388,kOhms,0,mVolts
1622465109828,mSecs,1622465109665,mSecs,105.22562449637388,kOhms,0,mVolts
1622465109839,mSecs,1622465109673,mSecs,105.16912751677853,kOhms,0,mVolts
1622465109865,mSecs,1622465109681,mSecs,105.16912751677853,kOhms,0,mVolts
1622465109865,mSecs,1622465109688,mSecs,105.11269117252483,kOhms,0,mVolts
1622465109872,mSecs,1622465109696,mSecs,105.22562449637388,kOhms,0,mVolts
1622465109875,mSecs,1622465109704,mSecs,105.16912751677853,kOhms,0,mVolts
1622465109875,mSecs,1622465109712,mSecs,105.16912751677853,kOhms,0,mVolts
1622465109880,mSecs,1622465109720,mSecs,105.11269117252483,kOhms,0,mVolts
1622465109881,mSecs,1622465109727,mSecs,105.11269117252483,kOhms,0,mVolts
1622465109900,mSecs,1622465109735,mSecs,105.16912751677853,kOhms,0,mVolts
1622465109918,mSecs,1622465109743,mSecs,105.16912751677853,kOhms,0,mVolts
1622465109918,mSecs,1622465109751,mSecs,105.11269117252483,kOhms,0,mVolts
1622465109944,mSecs,1622465109759,mSecs,105.11269117252483,kOhms,0,mVolts
1622465109947,mSecs,1622465109766,mSecs,105.11269117252483,kOhms,0,mVolts
1622465109999,mSecs,1622465109774,mSecs,105.16912751677853,kOhms,0,mVolts
1622465109999,mSecs,1622465109782,mSecs,105.05631536604989,kOhms,0,mVolts
1622465110018,mSecs,1622465109790,mSecs,105.16912751677853,kOhms,0,mVolts
1622465110028,mSecs,1622465109798,mSecs,105.05631536604989,kOhms,0.73260073260073255,mVolts
1622465110036,mSecs,1622465109806,mSecs,105.11269117252483,kOhms,0,mVolts
1622465110036,mSecs,1622465109813,mSecs,105.11269117252483,kOhms,0.73260073260073255,mVolts
1622465110036,mSecs,1622465109821,mSecs,105.11269117252483,kOhms,0,mVolts
1622465110036,mSecs,1622465109829,mSecs,105.00000000000001,kOhms,0,mVolts
1622465110038,mSecs,1622465109837,mSecs,105.05631536604989,kOhms,0,mVolts
1622465110038,mSecs,1622465109845,mSecs,105.00000000000001,kOhms,0,mVolts
1622465110053,mSecs,1622465109852,mSecs,105.00000000000001,kOhms,0,mVolts
1622465110053,mSecs,1622465109860,mSecs,105.00000000000001,kOhms,0,mVolts
1622465110055,mSecs,1622465109868,mSecs,105.05631536604989,kOhms,0,mVolts
1622465110056,mSecs,1622465109876,mSecs,105.00000000000001,kOhms,0,mVolts
1622465110067,mSecs,1622465109884,mSecs,105.05631536604989,kOhms,0,mVolts
1622465110068,mSecs,1622465109891,mSecs,105.00000000000001,kOhms,0,mVolts
1622465110078,mSecs,1622465109899,mSecs,105.00000000000001,kOhms,0,mVolts
1622465110078,mSecs,1622465109907,mSecs,105.00000000000001,kOhms,0,mVolts
1622465110082,mSecs,1622465109915,mSecs,105.05631536604989,kOhms,0,mVolts
1622465110097,mSecs,1622465109923,mSecs,105.00000000000001,kOhms,0,mVolts
1622465110101,mSecs,1622465109931,mSecs,105.00000000000001,kOhms,0,mVolts
1622465110101,mSecs,1622465109938,mSecs,104.94374497723012,kOhms,0,mVolts
1622465110107,mSecs,1622465109946,mSecs,105.00000000000001,kOhms,0,mVolts
1622465110111,mSecs,1622465109954,mSecs,104.94374497723012,kOhms,0,mVolts
1622465110117,mSecs,1622465109962,mSecs,105.00000000000001,kOhms,0,mVolts
1622465110117,mSecs,1622465109970,mSecs,104.88755020080323,kOhms,0,mVolts
1622465110121,mSecs,1622465109977,mSecs,104.88755020080323,kOhms,0,mVolts
1622465110131,mSecs,1622465109985,mSecs,104.94374497723012,kOhms,0,mVolts
1622465110131,mSecs,1622465109993,mSecs,104.94374497723012,kOhms,0,mVolts
1622465110132,mSecs,1622465110001,mSecs,104.94374497723012,kOhms,0,mVolts
1622465110132,mSecs,1622465110009,mSecs,104.88755020080323,kOhms,0,mVolts
1622465110132,mSecs,1622465110016,mSecs,104.88755020080323,kOhms,0,mVolts
1622465110136,mSecs,1622465110024,mSecs,104.94374497723012,kOhms,0,mVolts
1622465110136,mSecs,1622465110032,mSecs,104.88755020080323,kOhms,0,mVolts
1622465110137,mSecs,1622465110040,mSecs,104.88755020080323,kOhms,0,mVolts
1622465110137,mSecs,1622465110048,mSecs,104.88755020080323,kOhms,0,mVolts
1622465110150,mSecs,1622465110056,mSecs,104.94374497723012,kOhms,0.73260073260073255,mVolts
1622465110150,mSecs,1622465110063,mSecs,104.94374497723012,kOhms,0,mVolts
1622465110152,mSecs,1622465110071,mSecs,105.00000000000001,kOhms,0,mVolts
1622465110170,mSecs,1622465110079,mSecs,104.94374497723012,kOhms,0,mVolts
1622465110170,mSecs,1622465110087,mSecs,104.94374497723012,kOhms,0,mVolts
1622465110171,mSecs,1622465110095,mSecs,105.00000000000001,kOhms,0.73260073260073255,mVolts
1622465110172,mSecs,1622465110102,mSecs,104.88755020080323,kOhms,0,mVolts
1622465110186,mSecs,1622465110110,mSecs,104.88755020080323,kOhms,0,mVolts
1622465110193,mSecs,1622465110118,mSecs,105.00000000000001,kOhms,0,mVolts
1622465110193,mSecs,1622465110126,mSecs,104.88755020080323,kOhms,0,mVolts
1622465110196,mSecs,1622465110134,mSecs,105.00000000000001,kOhms,0,mVolts
1622465110204,mSecs,1622465110141,mSecs,104.94374497723012,kOhms,0,mVolts
1622465110206,mSecs,1622465110149,mSecs,104.94374497723012,kOhms,0,mVolts
1622465110206,mSecs,1622465110157,mSecs,104.88755020080323,kOhms,0,mVolts
1622465110206,mSecs,1622465110165,mSecs,104.88755020080323,kOhms,0.73260073260073255,mVolts
1622465110216,mSecs,1622465110173,mSecs,104.94374497723012,kOhms,0,mVolts
1622465110217,mSecs,1622465110181,mSecs,105.00000000000001,kOhms,0,mVolts
1622465110217,mSecs,1622465110188,mSecs,104.94374497723012,kOhms,0,mVolts
1622465110230,mSecs,1622465110196,mSecs,105.00000000000001,kOhms,0,mVolts
1622465110233,mSecs,1622465110204,mSecs,104.94374497723012,kOhms,0,mVolts
1622465110242,mSecs,1622465110212,mSecs,105.00000000000001,kOhms,0,mVolts
1622465110243,mSecs,1622465110220,mSecs,104.94374497723012,kOhms,0,mVolts
1622465110247,mSecs,1622465110227,mSecs,104.94374497723012,kOhms,0,mVolts
1622465110255,mSecs,1622465110235,mSecs,104.94374497723012,kOhms,0,mVolts
1622465110266,mSecs,1622465110243,mSecs,105.05631536604989,kOhms,0,mVolts
1622465110266,mSecs,1622465110251,mSecs,104.94374497723012,kOhms,0,mVolts
1622465110269,mSecs,1622465110259,mSecs,104.94374497723012,kOhms,0,mVolts
1622465110271,mSecs,1622465110266,mSecs,104.94374497723012,kOhms,0,mVolts
1622465110279,mSecs,1622465110274,mSecs,105.11269117252483,kOhms,0,mVolts
1622465110279,mSecs,1622465110282,mSecs,105.00000000000001,kOhms,0,mVolts
1622465110289,mSecs,1622465110290,mSecs,105.00000000000001,kOhms,0.73260073260073255,mVolts
1622465110292,mSecs,1622465110298,mSecs,105.00000000000001,kOhms,0,mVolts
1622465110304,mSecs,1622465110306,mSecs,105.05631536604989,kOhms,0,mVolts
1622465110305,mSecs,1622465110313,mSecs,105.05631536604989,kOhms,0,mVolts
1622465110311,mSecs,1622465110321,mSecs,105.05631536604989,kOhms,0,mVolts
1622465110319,mSecs,1622465110329,mSecs,105.05631536604989,kOhms,0,mVolts
1622465110329,mSecs,1622465110337,mSecs,105.11269117252483,kOhms,0,mVolts
1622465110330,mSecs,1622465110345,mSecs,105.05631536604989,kOhms,0,mVolts
1622465110366,mSecs,1622465110352,mSecs,105.16912751677853,kOhms,0,mVolts
1622465110381,mSecs,1622465110360,mSecs,105.05631536604989,kOhms,0,mVolts
1622465110385,mSecs,1622465110368,mSecs,105.11269117252483,kOhms,0,mVolts
1622465110386,mSecs,1622465110376,mSecs,105.16912751677853,kOhms,0,mVolts
1622465110391,mSecs,1622465110384,mSecs,105.22562449637388,kOhms,0,mVolts
1622465110392,mSecs,1622465110391,mSecs,105.11269117252483,kOhms,0,mVolts
1622465110393,mSecs,1622465110399,mSecs,105.16912751677853,kOhms,0,mVolts
1622465110393,mSecs,1622465110407,mSecs,105.16912751677853,kOhms,0,mVolts
1622465110437,mSecs,1622465110415,mSecs,105.16912751677853,kOhms,0,mVolts
1622465110438,mSecs,1622465110423,mSecs,105.16912751677853,kOhms,0,mVolts
1622465110443,mSecs,1622465110431,mSecs,105.22562449637388,kOhms,0,mVolts
1622465110443,mSecs,1622465110438,mSecs,105.28218220908357,kOhms,0,mVolts
1622465110446,mSecs,1622465110446,mSecs,105.28218220908357,kOhms,0,mVolts
1622465110455,mSecs,1622465110454,mSecs,105.16912751677853,kOhms,0,mVolts
1622465110457,mSecs,1622465110462,mSecs,105.22562449637388,kOhms,0,mVolts
1622465110457,mSecs,1622465110470,mSecs,105.22562449637388,kOhms,0,mVolts
1622465110466,mSecs,1622465110477,mSecs,105.22562449637388,kOhms,0,mVolts
1622465110474,mSecs,1622465110485,mSecs,105.22562449637388,kOhms,0,mVolts
1622465110474,mSecs,1622465110493,mSecs,105.33880075289058,kOhms,0,mVolts
1622465110512,mSecs,1622465110501,mSecs,105.33880075289058,kOhms,0,mVolts
1622465110515,mSecs,1622465110509,mSecs,105.33880075289058,kOhms,0,mVolts
1622465110517,mSecs,1622465110516,mSecs,105.22562449637388,kOhms,0.73260073260073255,mVolts
1622465110517,mSecs,1622465110524,mSecs,105.28218220908357,kOhms,0,mVolts
1622465110522,mSecs,1622465110532,mSecs,105.33880075289058,kOhms,0,mVolts
1622465110527,mSecs,1622465110540,mSecs,105.28218220908357,kOhms,0,mVolts
1622465110565,mSecs,1622465110548,mSecs,105.22562449637388,kOhms,0.73260073260073255,mVolts
1622465110566,mSecs,1622465110556,mSecs,105.28218220908357,kOhms,0,mVolts
1622465110566,mSecs,1622465110563,mSecs,105.28218220908357,kOhms,0,mVolts
1622465110568,mSecs,1622465110571,mSecs,105.33880075289058,kOhms,0,mVolts
1622465110575,mSecs,1622465110579,mSecs,105.28218220908357,kOhms,0,mVolts
1622465110576,mSecs,1622465110587,mSecs,105.33880075289058,kOhms,0,mVolts
1622465110576,mSecs,1622465110595,mSecs,105.33880075289058,kOhms,0,mVolts
1622465110590,mSecs,1622465110602,mSecs,105.22562449637388,kOhms,0,mVolts
1622465110624,mSecs,1622465110610,mSecs,105.28218220908357,kOhms,0,mVolts
1622465110626,mSecs,1622465110618,mSecs,105.39548022598872,kOhms,0,mVolts
1622465110626,mSecs,1622465110626,mSecs,105.28218220908357,kOhms,0,mVolts
1622465110634,mSecs,1622465110634,mSecs,105.33880075289058,kOhms,0,mVolts
1622465110634,mSecs,1622465110641,mSecs,105.28218220908357,kOhms,0,mVolts
1622465110644,mSecs,1622465110649,mSecs,105.28218220908357,kOhms,0,mVolts
1622465110644,mSecs,1622465110657,mSecs,105.33880075289058,kOhms,0.73260073260073255,mVolts
1622465110652,mSecs,1622465110665,mSecs,105.28218220908357,kOhms,0,mVolts
1622465110688,mSecs,1622465110673,mSecs,105.33880075289058,kOhms,0,mVolts
1622465110688,mSecs,1622465110681,mSecs,105.33880075289058,kOhms,0,mVolts
1622465110689,mSecs,1622465110688,mSecs,105.33880075289058,kOhms,0,mVolts
1622465110690,mSecs,1622465110696,mSecs,105.39548022598872,kOhms,0,mVolts
1622465110693,mSecs,1622465110704,mSecs,105.33880075289058,kOhms,0,mVolts
1622465110693,mSecs,1622465110712,mSecs,105.33880075289058,kOhms,0,mVolts
1622465110705,mSecs,1622465110720,mSecs,105.39548022598872,kOhms,0,mVolts
1622465110739,mSecs,1622465110727,mSecs,105.28218220908357,kOhms,0,mVolts
1622465110742,mSecs,1622465110735,mSecs,105.33880075289058,kOhms,0.73260073260073255,mVolts
1622465110745,mSecs,1622465110743,mSecs,105.33880075289058,kOhms,0,mVolts
1622465110746,mSecs,1622465110751,mSecs,105.45222072678332,kOhms,0,mVolts
1622465110750,mSecs,1622465110759,mSecs,105.39548022598872,kOhms,0,mVolts
1622465110756,mSecs,1622465110766,mSecs,105.33880075289058,kOhms,0,mVolts
1622465110788,mSecs,1622465110774,mSecs,105.39548022598872,kOhms,0,mVolts
1622465110789,mSecs,1622465110782,mSecs,105.33880075289058,kOhms,0,mVolts
1622465110790,mSecs,1622465110790,mSecs,105.45222072678332,kOhms,0,mVolts
1622465110792,mSecs,1622465110798,mSecs,105.39548022598872,kOhms,0,mVolts
1622465110792,mSecs,1622465110806,mSecs,105.45222072678332,kOhms,0,mVolts
1622465110801,mSecs,1622465110813,mSecs,105.45222072678332,kOhms,0,mVolts
1622465110805,mSecs,1622465110821,mSecs,105.50902235389175,kOhms,0,mVolts
1622465110843,mSecs,1622465110829,mSecs,105.45222072678332,kOhms,0,mVolts
1622465110847,mSecs,1622465110837,mSecs,105.45222072678332,kOhms,0,mVolts
1622465110847,mSecs,1622465110845,mSecs,105.45222072678332,kOhms,0.73260073260073255,mVolts
1622465110848,mSecs,1622465110852,mSecs,105.50902235389175,kOhms,0,mVolts
1622465110852,mSecs,1622465110860,mSecs,105.50902235389175,kOhms,0,mVolts
1622465110869,mSecs,1622465110868,mSecs,105.50902235389175,kOhms,0,mVolts
1622465110869,mSecs,1622465110876,mSecs,105.45222072678332,kOhms,0,mVolts
1622465110905,mSecs,1622465110884,mSecs,105.50902235389175,kOhms,0,mVolts
1622465110906,mSecs,1622465110891,mSecs,105.45222072678332,kOhms,0,mVolts
1622465110907,mSecs,1622465110899,mSecs,105.50902235389175,kOhms,0,mVolts
1622465110908,mSecs,1622465110907,mSecs,105.45222072678332,kOhms,0,mVolts
1622465110909,mSecs,1622465110915,mSecs,105.5658852061439,kOhms,0,mVolts
1622465110914,mSecs,1622465110923,mSecs,105.45222072678332,kOhms,0,mVolts
1622465110954,mSecs,1622465110931,mSecs,105.50902235389175,kOhms,0,mVolts
1622465110954,mSecs,1622465110938,mSecs,105.45222072678332,kOhms,0,mVolts
1622465110956,mSecs,1622465110946,mSecs,105.50902235389175,kOhms,0.73260073260073255,mVolts
1622465110962,mSecs,1622465110954,mSecs,105.5658852061439,kOhms,0,mVolts
1622465110965,mSecs,1622465110962,mSecs,105.5658852061439,kOhms,0,mVolts
1622465110966,mSecs,1622465110970,mSecs,105.62280938258291,kOhms,0,mVolts
1622465110968,mSecs,1622465110977,mSecs,105.62280938258291,kOhms,0,mVolts
1622465110985,mSecs,1622465110985,mSecs,105.5658852061439,kOhms,0,mVolts
1622465110991,mSecs,1622465110993,mSecs,105.62280938258291,kOhms,0,mVolts
1622465110991,mSecs,1622465111001,mSecs,105.5658852061439,kOhms,0,mVolts
1622465110993,mSecs,1622465111009,mSecs,105.62280938258291,kOhms,0,mVolts
1622465111008,mSecs,1622465111016,mSecs,105.62280938258291,kOhms,0,mVolts
1622465111022,mSecs,1622465111024,mSecs,105.67979498246562,kOhms,0,mVolts
1622465111022,mSecs,1622465111032,mSecs,105.5658852061439,kOhms,0,mVolts
1622465111026,mSecs,1622465111040,mSecs,105.62280938258291,kOhms,0,mVolts
1622465111087,mSecs,1622465111048,mSecs,105.5658852061439,kOhms,0,mVolts
1622465111087,mSecs,1622465111056,mSecs,105.62280938258291,kOhms,0,mVolts
1622465111088,mSecs,1622465111063,mSecs,105.5658852061439,kOhms,0,mVolts
1622465111089,mSecs,1622465111071,mSecs,105.62280938258291,kOhms,0,mVolts
1622465111094,mSecs,1622465111079,mSecs,105.5658852061439,kOhms,0,mVolts
1622465111095,mSecs,1622465111087,mSecs,105.5658852061439,kOhms,0,mVolts
1622465111102,mSecs,1622465111095,mSecs,105.67979498246562,kOhms,0,mVolts
1622465111103,mSecs,1622465111102,mSecs,105.67979498246562,kOhms,0,mVolts
1622465111108,mSecs,1622465111110,mSecs,105.5658852061439,kOhms,0,mVolts
1622465111112,mSecs,1622465111118,mSecs,105.62280938258291,kOhms,0,mVolts
1622465111112,mSecs,1622465111126,mSecs,105.5658852061439,kOhms,0,mVolts
1622465111146,mSecs,1622465111134,mSecs,105.5658852061439,kOhms,0,mVolts
1622465111147,mSecs,1622465111141,mSecs,105.62280938258291,kOhms,0,mVolts
1622465111147,mSecs,1622465111149,mSecs,105.67979498246562,kOhms,0,mVolts
1622465111151,mSecs,1622465111157,mSecs,105.73684210526315,kOhms,0.73260073260073255,mVolts
1622465111152,mSecs,1622465111165,mSecs,105.67979498246562,kOhms,0,mVolts
1622465111190,mSecs,1622465111173,mSecs,105.62280938258291,kOhms,0,mVolts
1622465111204,mSecs,1622465111181,mSecs,105.67979498246562,kOhms,0,mVolts
1622465111204,mSecs,1622465111188,mSecs,105.62280938258291,kOhms,0,mVolts
1622465111205,mSecs,1622465111196,mSecs,105.67979498246562,kOhms,0,mVolts
1622465111208,mSecs,1622465111204,mSecs,105.67979498246562,kOhms,0,mVolts
1622465111209,mSecs,1622465111212,mSecs,105.67979498246562,kOhms,0,mVolts
1622465111209,mSecs,1622465111220,mSecs,105.67979498246562,kOhms,0,mVolts
1622465111212,mSecs,1622465111227,mSecs,105.67979498246562,kOhms,0,mVolts
1622465111246,mSecs,1622465111235,mSecs,105.67979498246562,kOhms,0,mVolts
1622465111248,mSecs,1622465111243,mSecs,105.73684210526315,kOhms,0,mVolts
1622465111248,mSecs,1622465111251,mSecs,105.67979498246562,kOhms,0,mVolts
1622465111252,mSecs,1622465111259,mSecs,105.73684210526315,kOhms,0,mVolts
1622465111258,mSecs,1622465111266,mSecs,105.62280938258291,kOhms,0,mVolts
1622465111259,mSecs,1622465111274,mSecs,105.73684210526315,kOhms,0,mVolts
1622465111292,mSecs,1622465111282,mSecs,105.67979498246562,kOhms,0,mVolts
1622465111297,mSecs,1622465111290,mSecs,105.79395085066164,kOhms,0,mVolts
1622465111299,mSecs,1622465111298,mSecs,105.73684210526315,kOhms,0,mVolts
1622465111304,mSecs,1622465111306,mSecs,105.73684210526315,kOhms,0,mVolts
1622465111304,mSecs,1622465111313,mSecs,105.79395085066164,kOhms,0,mVolts
1622465111318,mSecs,1622465111321,mSecs,105.79395085066164,kOhms,0,mVolts
1622465111319,mSecs,1622465111329,mSecs,105.73684210526315,kOhms,0,mVolts
1622465111319,mSecs,1622465111337,mSecs,105.73684210526315,kOhms,0,mVolts
1622465111354,mSecs,1622465111345,mSecs,105.79395085066164,kOhms,0,mVolts
1622465111363,mSecs,1622465111352,mSecs,105.73684210526315,kOhms,0.73260073260073255,mVolts
1622465111366,mSecs,1622465111360,mSecs,105.73684210526315,kOhms,0,mVolts
1622465111367,mSecs,1622465111368,mSecs,105.79395085066164,kOhms,0.73260073260073255,mVolts
1622465111367,mSecs,1622465111376,mSecs,105.79395085066164,kOhms,0,mVolts
1622465111372,mSecs,1622465111384,mSecs,105.79395085066164,kOhms,0,mVolts
1622465111379,mSecs,1622465111391,mSecs,105.73684210526315,kOhms,0,mVolts
1622465111389,mSecs,1622465111399,mSecs,105.79395085066164,kOhms,0,mVolts
1622465111389,mSecs,1622465111407,mSecs,105.73684210526315,kOhms,0,mVolts
1622465111427,mSecs,1622465111415,mSecs,105.90835360908355,kOhms,0,mVolts
1622465111432,mSecs,1622465111423,mSecs,105.79395085066164,kOhms,0,mVolts
1622465111432,mSecs,1622465111431,mSecs,105.85112131856256,kOhms,0,mVolts
1622465111433,mSecs,1622465111438,mSecs,105.90835360908355,kOhms,0,mVolts
1622465111437,mSecs,1622465111446,mSecs,105.85112131856256,kOhms,0,mVolts
1622465111442,mSecs,1622465111454,mSecs,105.85112131856256,kOhms,0,mVolts
1622465111475,mSecs,1622465111462,mSecs,105.90835360908355,kOhms,0,mVolts
1622465111475,mSecs,1622465111470,mSecs,105.85112131856256,kOhms,0,mVolts
1622465111479,mSecs,1622465111477,mSecs,106.02300405953993,kOhms,0,mVolts
1622465111481,mSecs,1622465111485,mSecs,105.90835360908355,kOhms,0,mVolts
1622465111491,mSecs,1622465111493,mSecs,105.96564782255885,kOhms,0,mVolts
1622465111491,mSecs,1622465111501,mSecs,105.96564782255885,kOhms,0,mVolts
1622465111496,mSecs,1622465111509,mSecs,106.02300405953993,kOhms,0,mVolts
1622465111503,mSecs,1622465111516,mSecs,105.96564782255885,kOhms,0,mVolts
1622465111504,mSecs,1622465111524,mSecs,106.02300405953993,kOhms,0,mVolts
1622465111541,mSecs,1622465111532,mSecs,105.96564782255885,kOhms,0,mVolts
1622465111545,mSecs,1622465111540,mSecs,106.02300405953993,kOhms,0.73260073260073255,mVolts
1622465111550,mSecs,1622465111548,mSecs,106.02300405953993,kOhms,0,mVolts
1622465111550,mSecs,1622465111556,mSecs,106.08042242079611,kOhms,0,mVolts
1622465111552,mSecs,1622465111563,mSecs,106.08042242079611,kOhms,0,mVolts
1622465111561,mSecs,1622465111571,mSecs,106.1954459203036,kOhms,0,mVolts
1622465111597,mSecs,1622465111579,mSecs,106.08042242079611,kOhms,0,mVolts
1622465111608,mSecs,1622465111587,mSecs,106.1954459203036,kOhms,0,mVolts
1622465111609,mSecs,1622465111595,mSecs,106.1379030073151,kOhms,0,mVolts
1622465111610,mSecs,1622465111602,mSecs,106.25305126118796,kOhms,0.73260073260073255,mVolts
1622465111614,mSecs,1622465111610,mSecs,106.1954459203036,kOhms,0,mVolts
1622465111614,mSecs,1622465111618,mSecs,106.25305126118796,kOhms,0,mVolts
1622465111615,mSecs,1622465111626,mSecs,106.31071913161466,kOhms,0,mVolts
1622465111649,mSecs,1622465111634,mSecs,106.25305126118796,kOhms,31.5018315018315,mVolts
1622465111654,mSecs,1622465111641,mSecs,106.31071913161466,kOhms,150.18315018315016,mVolts
1622465111654,mSecs,1622465111649,mSecs,106.31071913161466,kOhms,298.90109890109886,mVolts
1622465111655,mSecs,1622465111657,mSecs,106.31071913161466,kOhms,454.21245421245419,mVolts
1622465111662,mSecs,1622465111665,mSecs,106.36844963345101,kOhms,602.93040293040292,mVolts
1622465111664,mSecs,1622465111673,mSecs,106.31071913161466,kOhms,739.92673992673986,mVolts
1622465111719,mSecs,1622465111681,mSecs,106.31071913161466,kOhms,862.27106227106219,mVolts
1622465111719,mSecs,1622465111688,mSecs,106.31071913161466,kOhms,971.42857142857133,mVolts
1622465111720,mSecs,1622465111696,mSecs,106.31071913161466,kOhms,1063.003663003663,mVolts
1622465111737,mSecs,1622465111704,mSecs,106.31071913161466,kOhms,1140.6593406593406,mVolts
1622465111739,mSecs,1622465111712,mSecs,106.31071913161466,kOhms,1204.3956043956043,mVolts
1622465111739,mSecs,1622465111720,mSecs,106.36844963345101,kOhms,1253.4798534798533,mVolts
1622465111740,mSecs,1622465111727,mSecs,106.42624286878566,kOhms,1290.8424908424909,mVolts
1622465111744,mSecs,1622465111735,mSecs,106.36844963345101,kOhms,1317.216117216117,mVolts
1622465111749,mSecs,1622465111743,mSecs,106.36844963345101,kOhms,1331.135531135531,mVolts
1622465111749,mSecs,1622465111751,mSecs,106.36844963345101,kOhms,1338.4615384615383,mVolts
1622465111759,mSecs,1622465111759,mSecs,106.25305126118796,kOhms,1341.3919413919414,mVolts
1622465111766,mSecs,1622465111766,mSecs,106.31071913161466,kOhms,1339.9267399267399,mVolts
1622465111769,mSecs,1622465111774,mSecs,106.36844963345101,kOhms,1332.6007326007325,mVolts
1622465111769,mSecs,1622465111782,mSecs,106.31071913161466,kOhms,1323.8095238095236,mVolts
1622465111779,mSecs,1622465111790,mSecs,106.42624286878566,kOhms,1312.8205128205127,mVolts
1622465111818,mSecs,1622465111798,mSecs,106.25305126118796,kOhms,1303.2967032967033,mVolts
1622465111819,mSecs,1622465111806,mSecs,106.36844963345101,kOhms,1293.0402930402929,mVolts
1622465111819,mSecs,1622465111813,mSecs,106.31071913161466,kOhms,1285.7142857142856,mVolts
1622465111820,mSecs,1622465111821,mSecs,106.36844963345101,kOhms,1276.1904761904761,mVolts
1622465111822,mSecs,1622465111829,mSecs,106.31071913161466,kOhms,1265.2014652014652,mVolts
1622465111827,mSecs,1622465111837,mSecs,106.31071913161466,kOhms,1254.2124542124541,mVolts
1622465111827,mSecs,1622465111845,mSecs,106.36844963345101,kOhms,1246.153846153846,mVolts
1622465111860,mSecs,1622465111852,mSecs,106.36844963345101,kOhms,1241.0256410256409,mVolts
1622465111867,mSecs,1622465111860,mSecs,106.31071913161466,kOhms,1236.6300366300366,mVolts
1622465111867,mSecs,1622465111868,mSecs,106.36844963345101,kOhms,1233.6996336996335,mVolts
1622465111868,mSecs,1622465111876,mSecs,106.42624286878566,kOhms,1234.4322344322343,mVolts
1622465111873,mSecs,1622465111884,mSecs,106.48409893992934,kOhms,1235.164835164835,mVolts
1622465111906,mSecs,1622465111891,mSecs,106.36844963345101,kOhms,1235.164835164835,mVolts
1622465111906,mSecs,1622465111899,mSecs,106.42624286878566,kOhms,1233.6996336996335,mVolts
1622465111915,mSecs,1622465111907,mSecs,106.42624286878566,kOhms,1231.5018315018315,mVolts
1622465111916,mSecs,1622465111915,mSecs,106.48409893992934,kOhms,1229.3040293040292,mVolts
1622465111919,mSecs,1622465111923,mSecs,106.42624286878566,kOhms,1229.3040293040292,mVolts
1622465111928,mSecs,1622465111931,mSecs,106.5420179494153,kOhms,1224.9084249084249,mVolts
1622465111928,mSecs,1622465111938,mSecs,106.5420179494153,kOhms,1221.9780219780218,mVolts
1622465111932,mSecs,1622465111946,mSecs,106.42624286878566,kOhms,1221.9780219780218,mVolts
1622465111972,mSecs,1622465111954,mSecs,106.42624286878566,kOhms,1221.2454212454211,mVolts
1622465111972,mSecs,1622465111962,mSecs,106.5420179494153,kOhms,1227.1062271062269,mVolts
1622465111972,mSecs,1622465111970,mSecs,106.48409893992934,kOhms,1232.967032967033,mVolts
1622465111975,mSecs,1622465111977,mSecs,106.5420179494153,kOhms,1238.8278388278388,mVolts
1622465111978,mSecs,1622465111985,mSecs,106.48409893992934,kOhms,1243.2234432234432,mVolts
1622465111986,mSecs,1622465111993,mSecs,106.5420179494153,kOhms,1246.8864468864467,mVolts
1622465111986,mSecs,1622465112001,mSecs,106.5420179494153,kOhms,1249.084249084249,mVolts
1622465112021,mSecs,1622465112009,mSecs,106.48409893992934,kOhms,1252.014652014652,mVolts
1622465112035,mSecs,1622465112016,mSecs,106.5420179494153,kOhms,1253.4798534798533,mVolts
1622465112036,mSecs,1622465112024,mSecs,106.5420179494153,kOhms,1254.9450549450548,mVolts
1622465112036,mSecs,1622465112032,mSecs,106.60000000000001,kOhms,1254.9450549450548,mVolts
1622465112039,mSecs,1622465112040,mSecs,106.60000000000001,kOhms,1254.9450549450548,mVolts
1622465112044,mSecs,1622465112048,mSecs,106.48409893992934,kOhms,1254.2124542124541,mVolts
1622465112081,mSecs,1622465112056,mSecs,106.5420179494153,kOhms,1250.5494505494505,mVolts
1622465112081,mSecs,1622465112063,mSecs,106.48409893992934,kOhms,1244.6886446886447,mVolts
1622465112083,mSecs,1622465112071,mSecs,106.48409893992934,kOhms,1236.6300366300366,mVolts
1622465112084,mSecs,1622465112079,mSecs,106.48409893992934,kOhms,1227.8388278388277,mVolts
1622465112085,mSecs,1622465112087,mSecs,106.5420179494153,kOhms,1221.9780219780218,mVolts
1622465112086,mSecs,1622465112095,mSecs,106.5420179494153,kOhms,1213.9194139194137,mVolts
1622465112088,mSecs,1622465112102,mSecs,106.60000000000001,kOhms,1205.1282051282051,mVolts
1622465112121,mSecs,1622465112110,mSecs,106.48409893992934,kOhms,1198.5347985347985,mVolts
1622465112123,mSecs,1622465112118,mSecs,106.60000000000001,kOhms,1198.5347985347985,mVolts
1622465112123,mSecs,1622465112126,mSecs,106.5420179494153,kOhms,1202.197802197802,mVolts
1622465112124,mSecs,1622465112134,mSecs,106.60000000000001,kOhms,1210.2564102564102,mVolts
1622465112125,mSecs,1622465112141,mSecs,106.5420179494153,kOhms,1221.2454212454211,mVolts
1622465112139,mSecs,1622465112149,mSecs,106.65804519466377,kOhms,1234.4322344322343,mVolts
1622465112139,mSecs,1622465112157,mSecs,106.60000000000001,kOhms,1249.084249084249,mVolts
1622465112178,mSecs,1622465112165,mSecs,106.60000000000001,kOhms,1262.2710622710622,mVolts
1622465112178,mSecs,1622465112173,mSecs,106.5420179494153,kOhms,1273.2600732600731,mVolts
1622465112178,mSecs,1622465112181,mSecs,106.60000000000001,kOhms,1282.051282051282,mVolts
1622465112178,mSecs,1622465112188,mSecs,106.65804519466377,kOhms,1286.4468864468863,mVolts
1622465112194,mSecs,1622465112196,mSecs,106.60000000000001,kOhms,1287.9120879120878,mVolts
1622465112198,mSecs,1622465112204,mSecs,106.5420179494153,kOhms,1288.6446886446886,mVolts
1622465112198,mSecs,1622465112212,mSecs,106.5420179494153,kOhms,1286.4468864468863,mVolts
1622465112207,mSecs,1622465112220,mSecs,106.5420179494153,kOhms,1287.9120879120878,mVolts
1622465112246,mSecs,1622465112227,mSecs,106.48409893992934,kOhms,1291.5750915750914,mVolts
1622465112250,mSecs,1622465112235,mSecs,106.48409893992934,kOhms,1293.7728937728937,mVolts
1622465112250,mSecs,1622465112243,mSecs,106.60000000000001,kOhms,1300.3663003663003,mVolts
1622465112251,mSecs,1622465112251,mSecs,106.65804519466377,kOhms,1307.6923076923076,mVolts
1622465112256,mSecs,1622465112259,mSecs,106.60000000000001,kOhms,1312.8205128205127,mVolts
1622465112257,mSecs,1622465112266,mSecs,106.48409893992934,kOhms,1318.6813186813185,mVolts
1622465112294,mSecs,1622465112274,mSecs,106.60000000000001,kOhms,1318.6813186813185,mVolts
1622465112294,mSecs,1622465112282,mSecs,106.5420179494153,kOhms,1319.4139194139193,mVolts
1622465112296,mSecs,1622465112290,mSecs,106.48409893992934,kOhms,1316.4835164835165,mVolts
1622465112297,mSecs,1622465112298,mSecs,106.5420179494153,kOhms,1312.8205128205127,mVolts
1622465112298,mSecs,1622465112306,mSecs,106.60000000000001,kOhms,1311.3553113553112,mVolts
1622465112298,mSecs,1622465112313,mSecs,106.5420179494153,kOhms,1309.1575091575091,mVolts
1622465112308,mSecs,1622465112321,mSecs,106.60000000000001,kOhms,1306.2271062271061,mVolts
1622465112348,mSecs,1622465112329,mSecs,106.48409893992934,kOhms,1304.0293040293038,mVolts
1622465112380,mSecs,1622465112337,mSecs,106.48409893992934,kOhms,1301.8315018315018,mVolts
1622465112380,mSecs,1622465112345,mSecs,106.5420179494153,kOhms,1298.168498168498,mVolts
1622465112381,mSecs,1622465112352,mSecs,106.60000000000001,kOhms,1295.9706959706959,mVolts
1622465112382,mSecs,1622465112360,mSecs,106.5420179494153,kOhms,1293.7728937728937,mVolts
1622465112382,mSecs,1622465112368,mSecs,106.60000000000001,kOhms,1291.5750915750914,mVolts
1622465112387,mSecs,1622465112376,mSecs,106.60000000000001,kOhms,1290.10989010989,mVolts
1622465112390,mSecs,1622465112384,mSecs,106.60000000000001,kOhms,1289.3772893772893,mVolts
1622465112391,mSecs,1622465112391,mSecs,106.5420179494153,kOhms,1290.8424908424909,mVolts
1622465112392,mSecs,1622465112399,mSecs,106.60000000000001,kOhms,1291.5750915750914,mVolts
1622465112393,mSecs,1622465112407,mSecs,106.60000000000001,kOhms,1290.10989010989,mVolts
1622465112425,mSecs,1622465112415,mSecs,106.60000000000001,kOhms,1286.4468864468863,mVolts
1622465112430,mSecs,1622465112423,mSecs,106.60000000000001,kOhms,1283.5164835164835,mVolts
1622465112432,mSecs,1622465112431,mSecs,106.60000000000001,kOhms,1279.120879120879,mVolts
1622465112432,mSecs,1622465112438,mSecs,106.65804519466377,kOhms,1273.9926739926739,mVolts
1622465112439,mSecs,1622465112446,mSecs,106.65804519466377,kOhms,1268.8644688644688,mVolts
1622465112448,mSecs,1622465112454,mSecs,106.60000000000001,kOhms,1264.4688644688645,mVolts
1622465112448,mSecs,1622465112462,mSecs,106.60000000000001,kOhms,1259.3406593406592,mVolts
1622465112455,mSecs,1622465112470,mSecs,106.71615363661128,kOhms,1255.6776556776556,mVolts
1622465112463,mSecs,1622465112477,mSecs,106.65804519466377,kOhms,1254.2124542124541,mVolts
1622465112496,mSecs,1622465112485,mSecs,106.65804519466377,kOhms,1253.4798534798533,mVolts
1622465112499,mSecs,1622465112493,mSecs,106.65804519466377,kOhms,1252.014652014652,mVolts
1622465112499,mSecs,1622465112501,mSecs,106.60000000000001,kOhms,1250.5494505494505,mVolts
1622465112500,mSecs,1622465112509,mSecs,106.71615363661128,kOhms,1249.084249084249,mVolts
1622465112503,mSecs,1622465112516,mSecs,106.60000000000001,kOhms,1249.084249084249,mVolts
1622465112503,mSecs,1622465112524,mSecs,106.65804519466377,kOhms,1249.084249084249,mVolts
1622465112542,mSecs,1622465112532,mSecs,106.65804519466377,kOhms,1249.8168498168498,mVolts
1622465112542,mSecs,1622465112540,mSecs,106.65804519466377,kOhms,1249.8168498168498,mVolts
1622465112542,mSecs,1622465112548,mSecs,106.65804519466377,kOhms,1248.3516483516482,mVolts
1622465112542,mSecs,1622465112556,mSecs,106.7743254292723,kOhms,1245.4212454212454,mVolts
1622465112552,mSecs,1622465112563,mSecs,106.71615363661128,kOhms,1240.2930402930401,mVolts
1622465112558,mSecs,1622465112571,mSecs,106.7743254292723,kOhms,1238.8278388278388,mVolts
1622465112567,mSecs,1622465112579,mSecs,106.71615363661128,kOhms,1241.0256410256409,mVolts
1622465112601,mSecs,1622465112587,mSecs,106.7743254292723,kOhms,1243.9560439560439,mVolts
1622465112601,mSecs,1622465112595,mSecs,106.71615363661128,kOhms,1249.8168498168498,mVolts
1622465112603,mSecs,1622465112602,mSecs,106.71615363661128,kOhms,1255.6776556776556,mVolts
1622465112606,mSecs,1622465112610,mSecs,106.7743254292723,kOhms,1262.2710622710622,mVolts
1622465112607,mSecs,1622465112618,mSecs,106.7743254292723,kOhms,1268.8644688644688,mVolts
1622465112607,mSecs,1622465112626,mSecs,106.83256067630217,kOhms,1278.3882783882782,mVolts
1622465112641,mSecs,1622465112634,mSecs,106.83256067630217,kOhms,1286.4468864468863,mVolts
1622465112643,mSecs,1622465112641,mSecs,106.7743254292723,kOhms,1297.4358974358975,mVolts
1622465112643,mSecs,1622465112649,mSecs,106.83256067630217,kOhms,1306.9597069597069,mVolts
1622465112643,mSecs,1622465112657,mSecs,106.89085948158255,kOhms,1316.4835164835165,mVolts
1622465112652,mSecs,1622465112665,mSecs,106.89085948158255,kOhms,1324.5421245421244,mVolts
1622465112688,mSecs,1622465112673,mSecs,106.83256067630217,kOhms,1331.8681318681317,mVolts
1622465112696,mSecs,1622465112681,mSecs,106.83256067630217,kOhms,1337.7289377289376,mVolts
1622465112696,mSecs,1622465112688,mSecs,106.83256067630217,kOhms,1342.1245421245421,mVolts
1622465112697,mSecs,1622465112696,mSecs,106.89085948158255,kOhms,1344.3223443223442,mVolts
1622465112704,mSecs,1622465112704,mSecs,106.83256067630217,kOhms,1346.5201465201465,mVolts
1622465112705,mSecs,1622465112712,mSecs,106.89085948158255,kOhms,1346.5201465201465,mVolts
1622465112705,mSecs,1622465112720,mSecs,106.89085948158255,kOhms,1345.7875457875457,mVolts
1622465112742,mSecs,1622465112727,mSecs,106.83256067630217,kOhms,1346.5201465201465,mVolts
1622465112748,mSecs,1622465112735,mSecs,106.89085948158255,kOhms,1345.7875457875457,mVolts
1622465112750,mSecs,1622465112743,mSecs,106.89085948158255,kOhms,1347.985347985348,mVolts
1622465112750,mSecs,1622465112751,mSecs,106.94922194922195,kOhms,1345.7875457875457,mVolts
1622465112752,mSecs,1622465112759,mSecs,106.94922194922195,kOhms,1343.5897435897434,mVolts
1622465112762,mSecs,1622465112766,mSecs,106.83256067630217,kOhms,1336.9963369963368,mVolts
1622465112771,mSecs,1622465112774,mSecs,106.89085948158255,kOhms,1331.135531135531,mVolts
1622465112771,mSecs,1622465112782,mSecs,106.89085948158255,kOhms,1324.5421245421244,mVolts
1622465112777,mSecs,1622465112790,mSecs,106.89085948158255,kOhms,1319.4139194139193,mVolts
1622465112815,mSecs,1622465112798,mSecs,106.89085948158255,kOhms,1313.5531135531135,mVolts
1622465112816,mSecs,1622465112806,mSecs,106.89085948158255,kOhms,1311.3553113553112,mVolts
1622465112816,mSecs,1622465112813,mSecs,106.89085948158255,kOhms,1309.1575091575091,mVolts
1622465112830,mSecs,1622465112821,mSecs,106.94922194922195,kOhms,1308.4249084249084,mVolts
1622465112830,mSecs,1622465112829,mSecs,106.89085948158255,kOhms,1307.6923076923076,mVolts
1622465112878,mSecs,1622465112837,mSecs,106.94922194922195,kOhms,1305.4945054945053,mVolts
1622465112878,mSecs,1622465112845,mSecs,106.94922194922195,kOhms,1305.4945054945053,mVolts
1622465112888,mSecs,1622465112852,mSecs,106.89085948158255,kOhms,1306.9597069597069,mVolts
1622465112889,mSecs,1622465112860,mSecs,106.89085948158255,kOhms,1306.9597069597069,mVolts
1622465112891,mSecs,1622465112868,mSecs,106.94922194922195,kOhms,1304.0293040293038,mVolts
1622465112892,mSecs,1622465112876,mSecs,106.94922194922195,kOhms,1301.8315018315018,mVolts
1622465112894,mSecs,1622465112884,mSecs,107.00764818355641,kOhms,1298.9010989010987,mVolts
1622465112896,mSecs,1622465112891,mSecs,106.89085948158255,kOhms,1301.098901098901,mVolts
1622465112897,mSecs,1622465112899,mSecs,106.89085948158255,kOhms,1303.2967032967033,mVolts
1622465112902,mSecs,1622465112907,mSecs,106.94922194922195,kOhms,1306.2271062271061,mVolts
1622465112904,mSecs,1622465112915,mSecs,106.89085948158255,kOhms,1308.4249084249084,mVolts
1622465112939,mSecs,1622465112923,mSecs,106.94922194922195,kOhms,1307.6923076923076,mVolts
1622465112940,mSecs,1622465112931,mSecs,107.00764818355641,kOhms,1307.6923076923076,mVolts
1622465112941,mSecs,1622465112938,mSecs,106.94922194922195,kOhms,1309.89010989011,mVolts
1622465112953,mSecs,1622465112946,mSecs,106.94922194922195,kOhms,1311.3553113553112,mVolts
1622465112959,mSecs,1622465112954,mSecs,106.94922194922195,kOhms,1313.5531135531135,mVolts
1622465112964,mSecs,1622465112962,mSecs,107.00764818355641,kOhms,1314.2857142857142,mVolts
1622465112964,mSecs,1622465112970,mSecs,107.00764818355641,kOhms,1315.018315018315,mVolts
1622465112968,mSecs,1622465112977,mSecs,106.89085948158255,kOhms,1315.018315018315,mVolts
1622465113003,mSecs,1622465112985,mSecs,106.94922194922195,kOhms,1315.7509157509157,mVolts
1622465113018,mSecs,1622465112993,mSecs,107.00764818355641,kOhms,1315.7509157509157,mVolts
1622465113018,mSecs,1622465113001,mSecs,106.94922194922195,kOhms,1317.9487179487178,mVolts
1622465113023,mSecs,1622465113009,mSecs,107.06613828915005,kOhms,1315.7509157509157,mVolts
1622465113044,mSecs,1622465113016,mSecs,106.94922194922195,kOhms,1313.5531135531135,mVolts
1622465113046,mSecs,1622465113024,mSecs,106.94922194922195,kOhms,1307.6923076923076,mVolts
1622465113046,mSecs,1622465113032,mSecs,107.00764818355641,kOhms,1301.8315018315018,mVolts
1622465113047,mSecs,1622465113040,mSecs,106.89085948158255,kOhms,1298.168498168498,mVolts
1622465113048,mSecs,1622465113048,mSecs,107.00764818355641,kOhms,1294.5054945054944,mVolts
1622465113053,mSecs,1622465113056,mSecs,107.00764818355641,kOhms,1293.7728937728937,mVolts
1622465113054,mSecs,1622465113063,mSecs,107.06613828915005,kOhms,1295.2380952380952,mVolts
1622465113068,mSecs,1622465113071,mSecs,106.94922194922195,kOhms,1295.2380952380952,mVolts
1622465113077,mSecs,1622465113079,mSecs,106.94922194922195,kOhms,1295.2380952380952,mVolts
1622465113077,mSecs,1622465113087,mSecs,107.00764818355641,kOhms,1295.2380952380952,mVolts
1622465113086,mSecs,1622465113095,mSecs,107.00764818355641,kOhms,1301.8315018315018,mVolts
1622465113096,mSecs,1622465113102,mSecs,106.94922194922195,kOhms,1309.1575091575091,mVolts
1622465113097,mSecs,1622465113110,mSecs,106.94922194922195,kOhms,1319.4139194139193,mVolts
1622465113136,mSecs,1622465113118,mSecs,106.94922194922195,kOhms,1330.4029304029302,mVolts
1622465113136,mSecs,1622465113126,mSecs,106.94922194922195,kOhms,1347.2527472527472,mVolts
1622465113139,mSecs,1622465113134,mSecs,106.89085948158255,kOhms,1362.6373626373625,mVolts
1622465113165,mSecs,1622465113141,mSecs,106.89085948158255,kOhms,1378.7545787545787,mVolts
1622465113165,mSecs,1622465113149,mSecs,106.94922194922195,kOhms,1395.6043956043954,mVolts
1622465113170,mSecs,1622465113157,mSecs,107.00764818355641,kOhms,1408.7912087912086,mVolts
1622465113171,mSecs,1622465113165,mSecs,107.00764818355641,kOhms,1416.117216117216,mVolts
1622465113181,mSecs,1622465113173,mSecs,106.89085948158255,kOhms,1421.2454212454211,mVolts
1622465113183,mSecs,1622465113181,mSecs,106.94922194922195,kOhms,1423.4432234432234,mVolts
1622465113210,mSecs,1622465113188,mSecs,107.00764818355641,kOhms,1421.9780219780218,mVolts
1622465113210,mSecs,1622465113196,mSecs,106.94922194922195,kOhms,1419.047619047619,mVolts
1622465113234,mSecs,1622465113204,mSecs,106.94922194922195,kOhms,1413.9194139194137,mVolts
1622465113235,mSecs,1622465113212,mSecs,107.06613828915005,kOhms,1408.0586080586079,mVolts
1622465113236,mSecs,1622465113220,mSecs,107.00764818355641,kOhms,1401.4652014652013,mVolts
1622465113243,mSecs,1622465113227,mSecs,107.00764818355641,kOhms,1391.2087912087911,mVolts
1622465113244,mSecs,1622465113235,mSecs,107.00764818355641,kOhms,1380.952380952381,mVolts
1622465113245,mSecs,1622465113243,mSecs,107.00764818355641,kOhms,1370.6959706959706,mVolts
1622465113245,mSecs,1622465113251,mSecs,107.00764818355641,kOhms,1360.4395604395604,mVolts
1622465113248,mSecs,1622465113259,mSecs,107.06613828915005,kOhms,1351.6483516483515,mVolts
1622465113258,mSecs,1622465113266,mSecs,107.00764818355641,kOhms,1345.0549450549449,mVolts
1622465113312,mSecs,1622465113274,mSecs,107.06613828915005,kOhms,1339.1941391941391,mVolts
1622465113313,mSecs,1622465113282,mSecs,107.00764818355641,kOhms,1337.7289377289376,mVolts
1622465113313,mSecs,1622465113290,mSecs,107.00764818355641,kOhms,1334.7985347985348,mVolts
1622465113313,mSecs,1622465113298,mSecs,107.00764818355641,kOhms,1334.7985347985348,mVolts
1622465113313,mSecs,1622465113306,mSecs,107.06613828915005,kOhms,1331.8681318681317,mVolts
1622465113322,mSecs,1622465113313,mSecs,107.12469237079574,kOhms,1333.3333333333333,mVolts
1622465113324,mSecs,1622465113321,mSecs,107.18331053351575,kOhms,1332.6007326007325,mVolts
1622465113325,mSecs,1622465113329,mSecs,107.00764818355641,kOhms,1334.7985347985348,mVolts
1622465113369,mSecs,1622465113337,mSecs,107.06613828915005,kOhms,1332.6007326007325,mVolts
1622465113369,mSecs,1622465113345,mSecs,107.12469237079574,kOhms,1333.3333333333333,mVolts
1622465113377,mSecs,1622465113352,mSecs,107.06613828915005,kOhms,1333.3333333333333,mVolts
1622465113378,mSecs,1622465113360,mSecs,107.12469237079574,kOhms,1334.065934065934,mVolts
1622465113378,mSecs,1622465113368,mSecs,107.12469237079574,kOhms,1334.7985347985348,mVolts
1622465113386,mSecs,1622465113376,mSecs,107.18331053351575,kOhms,1339.9267399267399,mVolts
1622465113409,mSecs,1622465113384,mSecs,107.24199288256229,kOhms,1344.3223443223442,mVolts
1622465113411,mSecs,1622465113391,mSecs,107.12469237079574,kOhms,1347.985347985348,mVolts
1622465113411,mSecs,1622465113399,mSecs,107.12469237079574,kOhms,1345.0549450549449,mVolts
1622465113411,mSecs,1622465113407,mSecs,107.18331053351575,kOhms,1346.5201465201465,mVolts
1622465113414,mSecs,1622465113415,mSecs,107.12469237079574,kOhms,1349.4505494505493,mVolts
1622465113416,mSecs,1622465113423,mSecs,107.12469237079574,kOhms,1354.5787545787546,mVolts
1622465113427,mSecs,1622465113431,mSecs,107.18331053351575,kOhms,1358.2417582417581,mVolts
1622465113427,mSecs,1622465113438,mSecs,107.18331053351575,kOhms,1361.9047619047619,mVolts
1622465113459,mSecs,1622465113446,mSecs,107.12469237079574,kOhms,1364.102564102564,mVolts
1622465113471,mSecs,1622465113454,mSecs,107.12469237079574,kOhms,1365.5677655677655,mVolts
1622465113471,mSecs,1622465113462,mSecs,107.18331053351575,kOhms,1367.032967032967,mVolts
1622465113472,mSecs,1622465113470,mSecs,107.12469237079574,kOhms,1369.2307692307691,mVolts
1622465113473,mSecs,1622465113477,mSecs,107.12469237079574,kOhms,1367.7655677655678,mVolts
1622465113476,mSecs,1622465113485,mSecs,107.06613828915005,kOhms,1365.5677655677655,mVolts
1622465113515,mSecs,1622465113493,mSecs,107.12469237079574,kOhms,1361.1721611721612,mVolts
1622465113515,mSecs,1622465113501,mSecs,107.06613828915005,kOhms,1356.7765567765566,mVolts
1622465113516,mSecs,1622465113509,mSecs,107.00764818355641,kOhms,1352.3809523809523,mVolts
1622465113517,mSecs,1622465113516,mSecs,107.00764818355641,kOhms,1349.4505494505493,mVolts
1622465113517,mSecs,1622465113524,mSecs,107.00764818355641,kOhms,1347.985347985348,mVolts
1622465113520,mSecs,1622465113532,mSecs,107.00764818355641,kOhms,1347.2527472527472,mVolts
1622465113562,mSecs,1622465113540,mSecs,107.00764818355641,kOhms,1346.5201465201465,mVolts
1622465113570,mSecs,1622465113548,mSecs,106.89085948158255,kOhms,1344.3223443223442,mVolts
1622465113570,mSecs,1622465113556,mSecs,106.89085948158255,kOhms,1342.1245421245421,mVolts
1622465113570,mSecs,1622465113563,mSecs,106.89085948158255,kOhms,1340.6593406593406,mVolts
1622465113584,mSecs,1622465113571,mSecs,106.89085948158255,kOhms,1343.5897435897434,mVolts
1622465113593,mSecs,1622465113579,mSecs,106.83256067630217,kOhms,1349.4505494505493,mVolts
1622465113652,mSecs,1622465113587,mSecs,106.83256067630217,kOhms,1358.9743589743589,mVolts
1622465113652,mSecs,1622465113595,mSecs,106.71615363661128,kOhms,1370.6959706959706,mVolts
1622465113655,mSecs,1622465113602,mSecs,106.7743254292723,kOhms,1385.3479853479853,mVolts
1622465113658,mSecs,1622465113610,mSecs,106.71615363661128,kOhms,1402.197802197802,mVolts
1622465113663,mSecs,1622465113618,mSecs,106.7743254292723,kOhms,1419.047619047619,mVolts
1622465113664,mSecs,1622465113626,mSecs,106.7743254292723,kOhms,1435.164835164835,mVolts
1622465113679,mSecs,1622465113634,mSecs,106.7743254292723,kOhms,1449.8168498168498,mVolts
1622465113681,mSecs,1622465113641,mSecs,106.71615363661128,kOhms,1462.2710622710622,mVolts
1622465113681,mSecs,1622465113649,mSecs,106.7743254292723,kOhms,1471.0622710622711,mVolts
1622465113682,mSecs,1622465113657,mSecs,106.71615363661128,kOhms,1477.6556776556777,mVolts
1622465113682,mSecs,1622465113665,mSecs,106.7743254292723,kOhms,1481.3186813186812,mVolts
1622465113685,mSecs,1622465113673,mSecs,106.65804519466377,kOhms,1481.3186813186812,mVolts
1622465113685,mSecs,1622465113681,mSecs,106.71615363661128,kOhms,1478.3882783882782,mVolts
1622465113685,mSecs,1622465113688,mSecs,106.65804519466377,kOhms,1475.4578754578754,mVolts
1622465113689,mSecs,1622465113696,mSecs,106.65804519466377,kOhms,1471.0622710622711,mVolts
1622465113694,mSecs,1622465113704,mSecs,106.71615363661128,kOhms,1467.3992673992673,mVolts
1622465113729,mSecs,1622465113712,mSecs,106.7743254292723,kOhms,1459.3406593406592,mVolts
1622465113729,mSecs,1622465113720,mSecs,106.71615363661128,kOhms,1452.7472527472526,mVolts
1622465113731,mSecs,1622465113727,mSecs,106.83256067630217,kOhms,1446.153846153846,mVolts
1622465113747,mSecs,1622465113735,mSecs,106.7743254292723,kOhms,1438.8278388278388,mVolts
1622465113748,mSecs,1622465113743,mSecs,106.89085948158255,kOhms,1430.03663003663,mVolts
1622465113752,mSecs,1622465113751,mSecs,106.83256067630217,kOhms,1421.9780219780218,mVolts
1622465113756,mSecs,1622465113759,mSecs,106.89085948158255,kOhms,1416.8498168498168,mVolts
1622465113757,mSecs,1622465113766,mSecs,106.7743254292723,kOhms,1413.9194139194137,mVolts
1622465113811,mSecs,1622465113774,mSecs,106.7743254292723,kOhms,1413.9194139194137,mVolts
1622465113812,mSecs,1622465113782,mSecs,106.83256067630217,kOhms,1415.3846153846152,mVolts
1622465113813,mSecs,1622465113790,mSecs,106.7743254292723,kOhms,1416.8498168498168,mVolts
1622465113815,mSecs,1622465113798,mSecs,106.7743254292723,kOhms,1417.5824175824175,mVolts
1622465113815,mSecs,1622465113806,mSecs,106.89085948158255,kOhms,1416.8498168498168,mVolts
1622465113819,mSecs,1622465113813,mSecs,106.83256067630217,kOhms,1416.117216117216,mVolts
1622465113824,mSecs,1622465113821,mSecs,106.83256067630217,kOhms,1416.8498168498168,mVolts
1622465113830,mSecs,1622465113829,mSecs,106.71615363661128,kOhms,1415.3846153846152,mVolts
1622465113839,mSecs,1622465113837,mSecs,106.7743254292723,kOhms,1413.9194139194137,mVolts
1622465113839,mSecs,1622465113845,mSecs,106.7743254292723,kOhms,1413.9194139194137,mVolts
1622465113847,mSecs,1622465113852,mSecs,106.71615363661128,kOhms,1416.117216117216,mVolts
1622465113854,mSecs,1622465113860,mSecs,106.7743254292723,kOhms,1416.117216117216,mVolts
1622465113864,mSecs,1622465113868,mSecs,106.83256067630217,kOhms,1416.8498168498168,mVolts
1622465113864,mSecs,1622465113876,mSecs,106.7743254292723,kOhms,1418.3150183150183,mVolts
1622465113904,mSecs,1622465113884,mSecs,106.7743254292723,kOhms,1418.3150183150183,mVolts
1622465113905,mSecs,1622465113891,mSecs,106.7743254292723,kOhms,1411.7216117216117,mVolts
1622465113905,mSecs,1622465113899,mSecs,106.7743254292723,kOhms,1405.1282051282051,mVolts
1622465113912,mSecs,1622465113907,mSecs,106.83256067630217,kOhms,1397.8021978021977,mVolts
1622465113916,mSecs,1622465113915,mSecs,106.83256067630217,kOhms,1392.6739926739926,mVolts
1622465113925,mSecs,1622465113923,mSecs,106.71615363661128,kOhms,1390.4761904761904,mVolts
1622465113932,mSecs,1622465113931,mSecs,106.71615363661128,kOhms,1389.7435897435896,mVolts
1622465113932,mSecs,1622465113938,mSecs,106.65804519466377,kOhms,1388.2783882783881,mVolts
1622465113935,mSecs,1622465113946,mSecs,106.71615363661128,kOhms,1389.0109890109889,mVolts
1622465113950,mSecs,1622465113954,mSecs,106.65804519466377,kOhms,1391.9413919413919,mVolts
1622465113969,mSecs,1622465113962,mSecs,106.65804519466377,kOhms,1394.8717948717947,mVolts
1622465113969,mSecs,1622465113970,mSecs,106.65804519466377,kOhms,1396.3369963369962,mVolts
1622465113970,mSecs,1622465113977,mSecs,106.71615363661128,kOhms,1393.4065934065934,mVolts
1622465113993,mSecs,1622465113985,mSecs,106.71615363661128,kOhms,1389.0109890109889,mVolts
1622465113993,mSecs,1622465113993,mSecs,106.7743254292723,kOhms,1383.8827838827838,mVolts
1622465114002,mSecs,1622465114001,mSecs,106.7743254292723,kOhms,1380.2197802197802,mVolts
1622465114013,mSecs,1622465114009,mSecs,106.65804519466377,kOhms,1376.5567765567764,mVolts
1622465114020,mSecs,1622465114016,mSecs,106.71615363661128,kOhms,1372.8937728937728,mVolts
1622465114024,mSecs,1622465114024,mSecs,106.71615363661128,kOhms,1369.2307692307691,mVolts
1622465114024,mSecs,1622465114032,mSecs,106.71615363661128,kOhms,1367.032967032967,mVolts
1622465114034,mSecs,1622465114040,mSecs,106.60000000000001,kOhms,1370.6959706959706,mVolts
1622465114045,mSecs,1622465114048,mSecs,106.60000000000001,kOhms,1375.8241758241757,mVolts
1622465114068,mSecs,1622465114056,mSecs,106.60000000000001,kOhms,1386.8131868131868,mVolts
1622465114068,mSecs,1622465114063,mSecs,106.60000000000001,kOhms,1401.4652014652013,mVolts
1622465114073,mSecs,1622465114071,mSecs,106.60000000000001,kOhms,1417.5824175824175,mVolts
1622465114077,mSecs,1622465114079,mSecs,106.60000000000001,kOhms,1435.164835164835,mVolts
1622465114078,mSecs,1622465114087,mSecs,106.60000000000001,kOhms,1460.8058608058607,mVolts
1622465114078,mSecs,1622465114095,mSecs,106.60000000000001,kOhms,1484.9816849816848,mVolts
1622465114097,mSecs,1622465114102,mSecs,106.5420179494153,kOhms,1509.1575091575091,mVolts
1622465114106,mSecs,1622465114110,mSecs,106.60000000000001,kOhms,1528.2051282051282,mVolts
1622465114127,mSecs,1622465114118,mSecs,106.65804519466377,kOhms,1545.7875457875457,mVolts
1622465114127,mSecs,1622465114126,mSecs,106.60000000000001,kOhms,1558.9743589743589,mVolts
1622465114138,mSecs,1622465114134,mSecs,106.60000000000001,kOhms,1570.6959706959706,mVolts
1622465114138,mSecs,1622465114141,mSecs,106.60000000000001,kOhms,1577.2893772893772,mVolts
1622465114149,mSecs,1622465114149,mSecs,106.60000000000001,kOhms,1580.9523809523807,mVolts
1622465114149,mSecs,1622465114157,mSecs,106.60000000000001,kOhms,1584.6153846153845,mVolts
1622465114164,mSecs,1622465114165,mSecs,106.60000000000001,kOhms,1584.6153846153845,mVolts
1622465114169,mSecs,1622465114173,mSecs,106.60000000000001,kOhms,1580.2197802197802,mVolts
1622465114177,mSecs,1622465114181,mSecs,106.60000000000001,kOhms,1572.8937728937728,mVolts
1622465114182,mSecs,1622465114188,mSecs,106.60000000000001,kOhms,1563.3699633699632,mVolts
1622465114213,mSecs,1622465114196,mSecs,106.60000000000001,kOhms,1552.3809523809523,mVolts
1622465114225,mSecs,1622465114204,mSecs,106.5420179494153,kOhms,1536.9963369963368,mVolts
1622465114231,mSecs,1622465114212,mSecs,106.60000000000001,kOhms,1523.8095238095236,mVolts
1622465114231,mSecs,1622465114220,mSecs,106.60000000000001,kOhms,1510.6227106227104,mVolts
1622465114232,mSecs,1622465114227,mSecs,106.65804519466377,kOhms,1496.7032967032967,mVolts
1622465114235,mSecs,1622465114235,mSecs,106.60000000000001,kOhms,1482.7838827838827,mVolts
1622465114235,mSecs,1622465114243,mSecs,106.65804519466377,kOhms,1471.0622710622711,mVolts
1622465114247,mSecs,1622465114251,mSecs,106.60000000000001,kOhms,1460.07326007326,mVolts
1622465114247,mSecs,1622465114259,mSecs,106.71615363661128,kOhms,1451.2820512820513,mVolts
1622465114275,mSecs,1622465114266,mSecs,106.65804519466377,kOhms,1447.6190476190475,mVolts
1622465114276,mSecs,1622465114274,mSecs,106.71615363661128,kOhms,1446.153846153846,mVolts
1622465114276,mSecs,1622465114282,mSecs,106.65804519466377,kOhms,1449.8168498168498,mVolts
1622465114277,mSecs,1622465114290,mSecs,106.7743254292723,kOhms,1453.4798534798533,mVolts
1622465114313,mSecs,1622465114298,mSecs,106.65804519466377,kOhms,1457.8754578754579,mVolts
1622465114328,mSecs,1622465114306,mSecs,106.71615363661128,kOhms,1462.2710622710622,mVolts
1622465114328,mSecs,1622465114313,mSecs,106.65804519466377,kOhms,1465.201465201465,mVolts
1622465114416,mSecs,1622465114321,mSecs,106.71615363661128,kOhms,1466.6666666666665,mVolts
1622465114551,mSecs,1622465114329,mSecs,106.71615363661128,kOhms,1468.8644688644688,mVolts
1622465114587,mSecs,1622465114337,mSecs,106.71615363661128,kOhms,1469.5970695970695,mVolts
1622465114587,mSecs,1622465114345,mSecs,106.71615363661128,kOhms,1471.7948717948716,mVolts
1622465114590,mSecs,1622465114352,mSecs,106.65804519466377,kOhms,1476.1904761904761,mVolts
1622465114607,mSecs,1622465114360,mSecs,106.7743254292723,kOhms,1479.120879120879,mVolts
1622465114621,mSecs,1622465114368,mSecs,106.71615363661128,kOhms,1481.3186813186812,mVolts
1622465114621,mSecs,1622465114376,mSecs,106.71615363661128,kOhms,1481.3186813186812,mVolts
1622465114641,mSecs,1622465114384,mSecs,106.7743254292723,kOhms,1479.120879120879,mVolts
1622465114648,mSecs,1622465114391,mSecs,106.7743254292723,kOhms,1473.9926739926739,mVolts
1622465115020,mSecs,1622465114399,mSecs,106.7743254292723,kOhms,1468.8644688644688,mVolts
1622465115020,mSecs,1622465114407,mSecs,106.7743254292723,kOhms,1463.7362637362637,mVolts
1622465115323,mSecs,1622465114415,mSecs,106.71615363661128,kOhms,1459.3406593406592,mVolts
1622465115476,mSecs,1622465114423,mSecs,106.71615363661128,kOhms,1452.7472527472526,mVolts
1622465115506,mSecs,1622465114431,mSecs,106.89085948158255,kOhms,1446.8864468864467,mVolts
1622465115506,mSecs,1622465114438,mSecs,106.7743254292723,kOhms,1443.2234432234432,mVolts
1622465115527,mSecs,1622465114446,mSecs,106.7743254292723,kOhms,1438.8278388278388,mVolts
1622465115528,mSecs,1622465114454,mSecs,106.83256067630217,kOhms,1433.6996336996335,mVolts
1622465115570,mSecs,1622465114462,mSecs,106.83256067630217,kOhms,1428.5714285714284,mVolts
1622465115571,mSecs,1622465114470,mSecs,106.7743254292723,kOhms,1427.8388278388277,mVolts
1622465115575,mSecs,1622465114477,mSecs,106.7743254292723,kOhms,1427.8388278388277,mVolts
1622465115602,mSecs,1622465114485,mSecs,106.83256067630217,kOhms,1428.5714285714284,mVolts
1622465115602,mSecs,1622465114493,mSecs,106.83256067630217,kOhms,1430.03663003663,mVolts
1622465115604,mSecs,1622465114501,mSecs,106.83256067630217,kOhms,1432.2344322344322,mVolts
1622465115604,mSecs,1622465114509,mSecs,106.83256067630217,kOhms,1434.4322344322343,mVolts
1622465115604,mSecs,1622465114516,mSecs,106.83256067630217,kOhms,1438.8278388278388,mVolts
1622465115604,mSecs,1622465114524,mSecs,106.89085948158255,kOhms,1444.6886446886447,mVolts
1622465115604,mSecs,1622465114532,mSecs,106.83256067630217,kOhms,1450.5494505494505,mVolts
1622465115604,mSecs,1622465114540,mSecs,106.83256067630217,kOhms,1460.07326007326,mVolts
1622465115604,mSecs,1622465114548,mSecs,106.89085948158255,kOhms,1470.3296703296703,mVolts
1622465115604,mSecs,1622465114556,mSecs,106.89085948158255,kOhms,1486.4468864468863,mVolts
1622465115605,mSecs,1622465114563,mSecs,106.89085948158255,kOhms,1505.4945054945053,mVolts
1622465115605,mSecs,1622465114571,mSecs,106.89085948158255,kOhms,1530.4029304029302,mVolts
1622465115616,mSecs,1622465114579,mSecs,106.89085948158255,kOhms,1556.7765567765566,mVolts
1622465115616,mSecs,1622465114587,mSecs,106.89085948158255,kOhms,1585.3479853479853,mVolts
1622465115616,mSecs,1622465114595,mSecs,106.89085948158255,kOhms,1614.6520146520145,mVolts
1622465115616,mSecs,1622465114602,mSecs,106.89085948158255,kOhms,1646.8864468864467,mVolts
1622465115616,mSecs,1622465114610,mSecs,106.89085948158255,kOhms,1674.7252747252746,mVolts
1622465115616,mSecs,1622465114618,mSecs,106.94922194922195,kOhms,1697.4358974358972,mVolts
1622465115618,mSecs,1622465114626,mSecs,106.89085948158255,kOhms,1714.2857142857142,mVolts
1622465115629,mSecs,1622465114634,mSecs,106.89085948158255,kOhms,1727.4725274725274,mVolts
1622465115629,mSecs,1622465114641,mSecs,106.94922194922195,kOhms,1731.8681318681317,mVolts
1622465115635,mSecs,1622465114649,mSecs,106.94922194922195,kOhms,1731.8681318681317,mVolts
1622465115635,mSecs,1622465114657,mSecs,106.94922194922195,kOhms,1725.2747252747251,mVolts
1622465115635,mSecs,1622465114665,mSecs,106.89085948158255,kOhms,1717.216117216117,mVolts
1622465115647,mSecs,1622465114673,mSecs,106.89085948158255,kOhms,1703.2967032967031,mVolts
1622465115662,mSecs,1622465114681,mSecs,106.94922194922195,kOhms,1686.4468864468863,mVolts
1622465115662,mSecs,1622465114688,mSecs,106.94922194922195,kOhms,1668.131868131868,mVolts
1622465115662,mSecs,1622465114696,mSecs,106.94922194922195,kOhms,1649.8168498168498,mVolts
1622465115662,mSecs,1622465114704,mSecs,106.94922194922195,kOhms,1627.8388278388277,mVolts
1622465115662,mSecs,1622465114712,mSecs,107.00764818355641,kOhms,1604.3956043956043,mVolts
1622465115662,mSecs,1622465114720,mSecs,106.94922194922195,kOhms,1582.4175824175823,mVolts
1622465115662,mSecs,1622465114727,mSecs,106.94922194922195,kOhms,1567.032967032967,mVolts
1622465115663,mSecs,1622465114735,mSecs,106.94922194922195,kOhms,1553.8461538461538,mVolts
1622465115663,mSecs,1622465114743,mSecs,106.94922194922195,kOhms,1546.5201465201465,mVolts
1622465115663,mSecs,1622465114751,mSecs,106.94922194922195,kOhms,1540.6593406593406,mVolts
1622465115663,mSecs,1622465114759,mSecs,106.89085948158255,kOhms,1536.2637362637361,mVolts
1622465115663,mSecs,1622465114766,mSecs,107.00764818355641,kOhms,1530.4029304029302,mVolts
1622465115663,mSecs,1622465114774,mSecs,107.00764818355641,kOhms,1526.0073260073259,mVolts
1622465115663,mSecs,1622465114782,mSecs,106.94922194922195,kOhms,1523.0769230769229,mVolts
1622465115663,mSecs,1622465114790,mSecs,106.94922194922195,kOhms,1520.8791208791208,mVolts
1622465115663,mSecs,1622465114798,mSecs,107.06613828915005,kOhms,1517.9487179487178,mVolts
1622465115663,mSecs,1622465114806,mSecs,107.12469237079574,kOhms,1515.018315018315,mVolts
1622465115663,mSecs,1622465114813,mSecs,107.00764818355641,kOhms,1516.4835164835163,mVolts
1622465115663,mSecs,1622465114821,mSecs,107.00764818355641,kOhms,1519.4139194139193,mVolts
1622465115663,mSecs,1622465114829,mSecs,107.06613828915005,kOhms,1521.6117216117216,mVolts
1622465115663,mSecs,1622465114837,mSecs,107.12469237079574,kOhms,1523.8095238095236,mVolts
1622465115664,mSecs,1622465114845,mSecs,107.00764818355641,kOhms,1526.7399267399267,mVolts
1622465115664,mSecs,1622465114852,mSecs,106.94922194922195,kOhms,1529.6703296703295,mVolts
1622465115664,mSecs,1622465114860,mSecs,107.06613828915005,kOhms,1530.4029304029302,mVolts
1622465115664,mSecs,1622465114868,mSecs,107.06613828915005,kOhms,1529.6703296703295,mVolts
1622465115664,mSecs,1622465114876,mSecs,107.00764818355641,kOhms,1524.5421245421244,mVolts
1622465115664,mSecs,1622465114884,mSecs,106.94922194922195,kOhms,1517.216117216117,mVolts
1622465115664,mSecs,1622465114891,mSecs,107.06613828915005,kOhms,1506.2271062271061,mVolts
1622465115664,mSecs,1622465114899,mSecs,107.06613828915005,kOhms,1495.2380952380952,mVolts
1622465115664,mSecs,1622465114907,mSecs,107.00764818355641,kOhms,1483.5164835164835,mVolts
1622465115664,mSecs,1622465114915,mSecs,107.00764818355641,kOhms,1472.5274725274724,mVolts
1622465115664,mSecs,1622465114923,mSecs,107.06613828915005,kOhms,1460.07326007326,mVolts
1622465115664,mSecs,1622465114931,mSecs,107.12469237079574,kOhms,1449.084249084249,mVolts
1622465115664,mSecs,1622465114938,mSecs,107.06613828915005,kOhms,1436.6300366300366,mVolts
1622465115665,mSecs,1622465114946,mSecs,107.06613828915005,kOhms,1421.2454212454211,mVolts
1622465115665,mSecs,1622465114954,mSecs,107.06613828915005,kOhms,1405.8608058608058,mVolts
1622465115665,mSecs,1622465114962,mSecs,107.18331053351575,kOhms,1391.2087912087911,mVolts
1622465115665,mSecs,1622465114970,mSecs,107.06613828915005,kOhms,1376.5567765567764,mVolts
1622465115665,mSecs,1622465114977,mSecs,107.12469237079574,kOhms,1367.032967032967,mVolts
1622465115666,mSecs,1622465114985,mSecs,107.12469237079574,kOhms,1358.9743589743589,mVolts
1622465115667,mSecs,1622465114993,mSecs,107.18331053351575,kOhms,1354.5787545787546,mVolts
1622465115667,mSecs,1622465115001,mSecs,107.06613828915005,kOhms,1350.9157509157508,mVolts
1622465115667,mSecs,1622465115009,mSecs,107.12469237079574,kOhms,1349.4505494505493,mVolts
1622465115668,mSecs,1622465115016,mSecs,107.12469237079574,kOhms,1347.985347985348,mVolts
1622465115668,mSecs,1622465115024,mSecs,107.18331053351575,kOhms,1352.3809523809523,mVolts
1622465115669,mSecs,1622465115032,mSecs,107.18331053351575,kOhms,1361.9047619047619,mVolts
1622465115669,mSecs,1622465115040,mSecs,107.06613828915005,kOhms,1375.8241758241757,mVolts
1622465115676,mSecs,1622465115048,mSecs,107.18331053351575,kOhms,1392.6739926739926,mVolts
1622465115676,mSecs,1622465115056,mSecs,107.24199288256229,kOhms,1417.5824175824175,mVolts
1622465115676,mSecs,1622465115063,mSecs,107.24199288256229,kOhms,1449.084249084249,mVolts
1622465115676,mSecs,1622465115071,mSecs,107.18331053351575,kOhms,1487.1794871794871,mVolts
1622465115676,mSecs,1622465115079,mSecs,107.18331053351575,kOhms,1526.7399267399267,mVolts
1622465115676,mSecs,1622465115087,mSecs,107.18331053351575,kOhms,1564.8351648351647,mVolts
1622465115676,mSecs,1622465115095,mSecs,107.18331053351575,kOhms,1597.8021978021977,mVolts
1622465115677,mSecs,1622465115102,mSecs,107.18331053351575,kOhms,1624.1758241758241,mVolts
1622465115679,mSecs,1622465115110,mSecs,107.18331053351575,kOhms,1640.2930402930401,mVolts
1622465115679,mSecs,1622465115118,mSecs,107.18331053351575,kOhms,1646.153846153846,mVolts
1622465115679,mSecs,1622465115126,mSecs,107.12469237079574,kOhms,1644.6886446886447,mVolts
1622465115679,mSecs,1622465115134,mSecs,107.18331053351575,kOhms,1638.0952380952381,mVolts
1622465115679,mSecs,1622465115141,mSecs,107.24199288256229,kOhms,1624.9084249084249,mVolts
1622465115679,mSecs,1622465115149,mSecs,107.30073952341824,kOhms,1608.7912087912086,mVolts
1622465115679,mSecs,1622465115157,mSecs,107.24199288256229,kOhms,1591.9413919413919,mVolts
1622465115680,mSecs,1622465115165,mSecs,107.24199288256229,kOhms,1571.4285714285713,mVolts
1622465115680,mSecs,1622465115173,mSecs,107.24199288256229,kOhms,1548.7179487179485,mVolts
1622465115680,mSecs,1622465115181,mSecs,107.30073952341824,kOhms,1526.7399267399267,mVolts
1622465115680,mSecs,1622465115188,mSecs,107.24199288256229,kOhms,1505.4945054945053,mVolts
1622465115680,mSecs,1622465115196,mSecs,107.18331053351575,kOhms,1488.6446886446886,mVolts
1622465115680,mSecs,1622465115204,mSecs,107.30073952341824,kOhms,1473.2600732600731,mVolts
1622465115680,mSecs,1622465115212,mSecs,107.30073952341824,kOhms,1460.8058608058607,mVolts
1622465115681,mSecs,1622465115220,mSecs,107.30073952341824,kOhms,1449.084249084249,mVolts
1622465115681,mSecs,1622465115227,mSecs,107.30073952341824,kOhms,1441.0256410256409,mVolts
1622465115681,mSecs,1622465115235,mSecs,107.30073952341824,kOhms,1434.4322344322343,mVolts
1622465115681,mSecs,1622465115243,mSecs,107.41842610364684,kOhms,1427.1062271062269,mVolts
1622465115681,mSecs,1622465115251,mSecs,107.35955056179776,kOhms,1418.3150183150183,mVolts
1622465115682,mSecs,1622465115259,mSecs,107.30073952341824,kOhms,1408.0586080586079,mVolts
1622465115682,mSecs,1622465115266,mSecs,107.35955056179776,kOhms,1397.8021978021977,mVolts
1622465115683,mSecs,1622465115274,mSecs,107.41842610364684,kOhms,1387.5457875457876,mVolts
1622465115683,mSecs,1622465115282,mSecs,107.35955056179776,kOhms,1378.0219780219779,mVolts
1622465115683,mSecs,1622465115290,mSecs,107.30073952341824,kOhms,1369.2307692307691,mVolts
1622465115683,mSecs,1622465115298,mSecs,107.41842610364684,kOhms,1365.5677655677655,mVolts
1622465115683,mSecs,1622465115306,mSecs,107.41842610364684,kOhms,1365.5677655677655,mVolts
1622465115683,mSecs,1622465115313,mSecs,107.41842610364684,kOhms,1366.3003663003662,mVolts
1622465115684,mSecs,1622465115321,mSecs,107.35955056179776,kOhms,1367.7655677655678,mVolts
1622465115684,mSecs,1622465115329,mSecs,107.41842610364684,kOhms,1370.6959706959706,mVolts
1622465115684,mSecs,1622465115337,mSecs,107.47736625514403,kOhms,1374.3589743589744,mVolts
1622465115684,mSecs,1622465115345,mSecs,107.47736625514403,kOhms,1376.5567765567764,mVolts
1622465115684,mSecs,1622465115352,mSecs,107.41842610364684,kOhms,1378.0219780219779,mVolts
1622465115684,mSecs,1622465115360,mSecs,107.47736625514403,kOhms,1378.0219780219779,mVolts
1622465115684,mSecs,1622465115368,mSecs,107.53637112270108,kOhms,1379.4871794871794,mVolts
1622465115684,mSecs,1622465115376,mSecs,107.47736625514403,kOhms,1380.952380952381,mVolts
1622465115684,mSecs,1622465115384,mSecs,107.53637112270108,kOhms,1380.2197802197802,mVolts
1622465115684,mSecs,1622465115391,mSecs,107.47736625514403,kOhms,1383.150183150183,mVolts
1622465115684,mSecs,1622465115399,mSecs,107.53637112270108,kOhms,1383.8827838827838,mVolts
1622465115684,mSecs,1622465115407,mSecs,107.53637112270108,kOhms,1385.3479853479853,mVolts
1622465115684,mSecs,1622465115415,mSecs,107.47736625514403,kOhms,1385.3479853479853,mVolts
1622465115685,mSecs,1622465115423,mSecs,107.53637112270108,kOhms,1383.150183150183,mVolts
1622465115685,mSecs,1622465115431,mSecs,107.59544081296347,kOhms,1378.7545787545787,mVolts
1622465115685,mSecs,1622465115438,mSecs,107.59544081296347,kOhms,1373.6263736263736,mVolts
1622465115685,mSecs,1622465115446,mSecs,107.53637112270108,kOhms,1368.4981684981683,mVolts
1622465115685,mSecs,1622465115454,mSecs,107.53637112270108,kOhms,1362.6373626373625,mVolts
1622465115685,mSecs,1622465115462,mSecs,107.59544081296347,kOhms,1356.7765567765566,mVolts
1622465115685,mSecs,1622465115470,mSecs,107.59544081296347,kOhms,1353.8461538461538,mVolts
1622465115685,mSecs,1622465115477,mSecs,107.53637112270108,kOhms,1351.6483516483515,mVolts
1622465115685,mSecs,1622465115485,mSecs,107.59544081296347,kOhms,1350.18315018315,mVolts
1622465115685,mSecs,1622465115493,mSecs,107.65457543281124,kOhms,1348.7179487179487,mVolts
1622465115685,mSecs,1622465115501,mSecs,107.59544081296347,kOhms,1353.8461538461538,mVolts
1622465115685,mSecs,1622465115509,mSecs,107.53637112270108,kOhms,1365.5677655677655,mVolts
1622465115686,mSecs,1622465115516,mSecs,107.59544081296347,kOhms,1384.6153846153845,mVolts
1622465115686,mSecs,1622465115524,mSecs,107.65457543281124,kOhms,1411.7216117216117,mVolts
1622465115686,mSecs,1622465115532,mSecs,107.59544081296347,kOhms,1444.6886446886447,mVolts
1622465115705,mSecs,1622465115540,mSecs,107.59544081296347,kOhms,1481.3186813186812,mVolts
1622465115705,mSecs,1622465115548,mSecs,107.65457543281124,kOhms,1518.6813186813185,mVolts
1622465115706,mSecs,1622465115556,mSecs,107.65457543281124,kOhms,1558.2417582417581,mVolts
1622465115706,mSecs,1622465115563,mSecs,107.65457543281124,kOhms,1597.069597069597,mVolts
1622465115709,mSecs,1622465115571,mSecs,107.65457543281124,kOhms,1631.5018315018315,mVolts
1622465115709,mSecs,1622465115579,mSecs,107.65457543281124,kOhms,1660.07326007326,mVolts
1622465115711,mSecs,1622465115587,mSecs,107.71377508935939,kOhms,1679.8534798534797,mVolts
1622465115712,mSecs,1622465115595,mSecs,107.65457543281124,kOhms,1691.5750915750914,mVolts
1622465115713,mSecs,1622465115602,mSecs,107.65457543281124,kOhms,1698.168498168498,mVolts
1622465115713,mSecs,1622465115610,mSecs,107.71377508935939,kOhms,1695.9706959706959,mVolts
1622465115713,mSecs,1622465115618,mSecs,107.71377508935939,kOhms,1685.7142857142856,mVolts
1622465115713,mSecs,1622465115626,mSecs,107.71377508935939,kOhms,1669.5970695970695,mVolts
1622465115728,mSecs,1622465115634,mSecs,107.71377508935939,kOhms,1649.084249084249,mVolts
1622465115729,mSecs,1622465115641,mSecs,107.77303988995874,kOhms,1623.4432234432234,mVolts
1622465115729,mSecs,1622465115649,mSecs,107.71377508935939,kOhms,1597.069597069597,mVolts
1622465115752,mSecs,1622465115657,mSecs,107.77303988995874,kOhms,1567.032967032967,mVolts
1622465115770,mSecs,1622465115665,mSecs,107.71377508935939,kOhms,1536.9963369963368,mVolts
1622465115827,mSecs,1622465115673,mSecs,107.77303988995874,kOhms,1508.4249084249084,mVolts
1622465115851,mSecs,1622465115681,mSecs,107.83236994219654,kOhms,1484.2490842490843,mVolts
1622465115851,mSecs,1622465115688,mSecs,107.77303988995874,kOhms,1463.7362637362637,mVolts
1622465115864,mSecs,1622465115696,mSecs,107.77303988995874,kOhms,1445.4212454212454,mVolts
1622465115867,mSecs,1622465115704,mSecs,107.83236994219654,kOhms,1432.2344322344322,mVolts
1622465115883,mSecs,1622465115712,mSecs,107.77303988995874,kOhms,1424.1758241758241,mVolts
1622465115883,mSecs,1622465115720,mSecs,107.83236994219654,kOhms,1416.117216117216,mVolts
1622465115884,mSecs,1622465115727,mSecs,107.71377508935939,kOhms,1412.4542124542124,mVolts
1622465115885,mSecs,1622465115735,mSecs,107.77303988995874,kOhms,1410.2564102564102,mVolts
1622465115894,mSecs,1622465115743,mSecs,107.77303988995874,kOhms,1409.5238095238094,mVolts
1622465115894,mSecs,1622465115751,mSecs,107.77303988995874,kOhms,1408.7912087912086,mVolts
1622465115904,mSecs,1622465115759,mSecs,107.77303988995874,kOhms,1410.2564102564102,mVolts
1622465115905,mSecs,1622465115766,mSecs,107.77303988995874,kOhms,1415.3846153846152,mVolts
1622465115906,mSecs,1622465115774,mSecs,107.891765353897,kOhms,1422.7106227106226,mVolts
1622465115906,mSecs,1622465115782,mSecs,107.83236994219654,kOhms,1429.3040293040292,mVolts
1622465115922,mSecs,1622465115790,mSecs,107.77303988995874,kOhms,1435.164835164835,mVolts
1622465115929,mSecs,1622465115798,mSecs,107.83236994219654,kOhms,1438.8278388278388,mVolts
1622465115931,mSecs,1622465115806,mSecs,107.83236994219654,kOhms,1443.2234432234432,mVolts
1622465115931,mSecs,1622465115813,mSecs,107.83236994219654,kOhms,1445.4212454212454,mVolts
1622465115949,mSecs,1622465115821,mSecs,107.77303988995874,kOhms,1446.153846153846,mVolts
1622465115951,mSecs,1622465115829,mSecs,107.83236994219654,kOhms,1446.153846153846,mVolts
1622465115978,mSecs,1622465115837,mSecs,107.891765353897,kOhms,1443.9560439560439,mVolts
1622465115978,mSecs,1622465115845,mSecs,107.83236994219654,kOhms,1439.5604395604394,mVolts
1622465115978,mSecs,1622465115852,mSecs,107.77303988995874,kOhms,1431.5018315018315,mVolts
1622465115986,mSecs,1622465115860,mSecs,107.83236994219654,kOhms,1419.7802197802198,mVolts
1622465115986,mSecs,1622465115868,mSecs,107.891765353897,kOhms,1409.5238095238094,mVolts
1622465115986,mSecs,1622465115876,mSecs,107.891765353897,kOhms,1397.8021978021977,mVolts
1622465115986,mSecs,1622465115884,mSecs,107.77303988995874,kOhms,1390.4761904761904,mVolts
1622465116003,mSecs,1622465115891,mSecs,107.83236994219654,kOhms,1380.952380952381,mVolts
1622465116006,mSecs,1622465115899,mSecs,107.77303988995874,kOhms,1373.6263736263736,mVolts
1622465116006,mSecs,1622465115907,mSecs,107.83236994219654,kOhms,1367.032967032967,mVolts
1622465116020,mSecs,1622465115915,mSecs,107.891765353897,kOhms,1361.1721611721612,mVolts
1622465116051,mSecs,1622465115923,mSecs,107.83236994219654,kOhms,1358.2417582417581,mVolts
1622465116056,mSecs,1622465115931,mSecs,107.83236994219654,kOhms,1353.1135531135531,mVolts
1622465116062,mSecs,1622465115938,mSecs,107.83236994219654,kOhms,1350.9157509157508,mVolts
1622465116064,mSecs,1622465115946,mSecs,107.83236994219654,kOhms,1350.9157509157508,mVolts
1622465116068,mSecs,1622465115954,mSecs,107.891765353897,kOhms,1349.4505494505493,mVolts
1622465116068,mSecs,1622465115962,mSecs,107.891765353897,kOhms,1350.18315018315,mVolts
1622465116068,mSecs,1622465115970,mSecs,107.891765353897,kOhms,1352.3809523809523,mVolts
1622465116068,mSecs,1622465115977,mSecs,107.83236994219654,kOhms,1358.2417582417581,mVolts
1622465116086,mSecs,1622465115985,mSecs,107.95122623312207,kOhms,1367.7655677655678,mVolts
1622465116086,mSecs,1622465115993,mSecs,107.95122623312207,kOhms,1380.952380952381,mVolts
1622465116096,mSecs,1622465116001,mSecs,107.95122623312207,kOhms,1399.2673992673992,mVolts
1622465116101,mSecs,1622465116009,mSecs,107.891765353897,kOhms,1422.7106227106226,mVolts
1622465116104,mSecs,1622465116016,mSecs,107.95122623312207,kOhms,1449.8168498168498,mVolts
1622465116104,mSecs,1622465116024,mSecs,108.01075268817205,kOhms,1482.051282051282,mVolts
1622465116107,mSecs,1622465116032,mSecs,108.01075268817205,kOhms,1517.9487179487178,mVolts
1622465116113,mSecs,1622465116040,mSecs,107.891765353897,kOhms,1553.8461538461538,mVolts
1622465116113,mSecs,1622465116048,mSecs,108.01075268817205,kOhms,1588.2783882783881,mVolts
1622465116113,mSecs,1622465116056,mSecs,108.01075268817205,kOhms,1620.5128205128203,mVolts
1622465116113,mSecs,1622465116063,mSecs,108.01075268817205,kOhms,1649.084249084249,mVolts
1622465116114,mSecs,1622465116071,mSecs,107.891765353897,kOhms,1670.3296703296703,mVolts
1622465116120,mSecs,1622465116079,mSecs,108.01075268817205,kOhms,1684.249084249084,mVolts
1622465116129,mSecs,1622465116087,mSecs,108.13000276014355,kOhms,1690.8424908424906,mVolts
1622465116129,mSecs,1622465116095,mSecs,108.07034482758621,kOhms,1687.9120879120878,mVolts
1622465116130,mSecs,1622465116102,mSecs,108.01075268817205,kOhms,1678.3882783882782,mVolts
1622465116142,mSecs,1622465116110,mSecs,108.07034482758621,kOhms,1661.5384615384614,mVolts
1622465116142,mSecs,1622465116118,mSecs,108.13000276014355,kOhms,1641.0256410256409,mVolts
1622465116148,mSecs,1622465116126,mSecs,108.13000276014355,kOhms,1616.8498168498168,mVolts
1622465116212,mSecs,1622465116134,mSecs,108.13000276014355,kOhms,1593.4065934065934,mVolts
1622465116215,mSecs,1622465116141,mSecs,108.24951644100582,kOhms,1569.2307692307691,mVolts
1622465116216,mSecs,1622465116149,mSecs,108.24951644100582,kOhms,1544.3223443223442,mVolts
1622465116216,mSecs,1622465116157,mSecs,108.18972659486332,kOhms,1515.7509157509157,mVolts
1622465116217,mSecs,1622465116165,mSecs,108.30937240807299,kOhms,1489.3772893772893,mVolts
1622465116218,mSecs,1622465116173,mSecs,108.24951644100582,kOhms,1466.6666666666665,mVolts
1622465116218,mSecs,1622465116181,mSecs,108.30937240807299,kOhms,1445.4212454212454,mVolts
1622465116219,mSecs,1622465116188,mSecs,108.30937240807299,kOhms,1428.5714285714284,mVolts
1622465116223,mSecs,1622465116196,mSecs,108.36929460580913,kOhms,1414.6520146520145,mVolts
1622465116226,mSecs,1622465116204,mSecs,108.30937240807299,kOhms,1407.3260073260071,mVolts
1622465116228,mSecs,1622465116212,mSecs,108.36929460580913,kOhms,1403.6630036630036,mVolts
1622465116228,mSecs,1622465116220,mSecs,108.30937240807299,kOhms,1401.4652014652013,mVolts
1622465116229,mSecs,1622465116227,mSecs,108.42928314420149,kOhms,1402.9304029304028,mVolts
1622465116237,mSecs,1622465116235,mSecs,108.36929460580913,kOhms,1405.1282051282051,mVolts
1622465116237,mSecs,1622465116243,mSecs,108.36929460580913,kOhms,1409.5238095238094,mVolts
1622465116248,mSecs,1622465116251,mSecs,108.36929460580913,kOhms,1413.1868131868132,mVolts
1622465116259,mSecs,1622465116259,mSecs,108.36929460580913,kOhms,1412.4542124542124,mVolts
1622465116259,mSecs,1622465116266,mSecs,108.42928314420149,kOhms,1407.3260073260071,mVolts
1622465116293,mSecs,1622465116274,mSecs,108.42928314420149,kOhms,1404.3956043956043,mVolts
1622465116294,mSecs,1622465116282,mSecs,108.42928314420149,kOhms,1401.4652014652013,mVolts
1622465116294,mSecs,1622465116290,mSecs,108.36929460580913,kOhms,1401.4652014652013,mVolts
1622465116294,mSecs,1622465116298,mSecs,108.42928314420149,kOhms,1400.7326007326005,mVolts
1622465116294,mSecs,1622465116306,mSecs,108.48933813348103,kOhms,1400.7326007326005,mVolts
1622465116295,mSecs,1622465116313,mSecs,108.48933813348103,kOhms,1397.069597069597,mVolts
1622465116334,mSecs,1622465116321,mSecs,108.48933813348103,kOhms,1392.6739926739926,mVolts
1622465116338,mSecs,1622465116329,mSecs,108.36929460580913,kOhms,1389.7435897435896,mVolts
1622465116338,mSecs,1622465116337,mSecs,108.42928314420149,kOhms,1389.0109890109889,mVolts
1622465116339,mSecs,1622465116345,mSecs,108.42928314420149,kOhms,1386.080586080586,mVolts
1622465116346,mSecs,1622465116352,mSecs,108.42928314420149,kOhms,1381.6849816849815,mVolts
1622465116378,mSecs,1622465116360,mSecs,108.36929460580913,kOhms,1374.3589743589744,mVolts
1622465116379,mSecs,1622465116368,mSecs,108.36929460580913,kOhms,1368.4981684981683,mVolts
1622465116379,mSecs,1622465116376,mSecs,108.36929460580913,kOhms,1364.102564102564,mVolts
1622465116384,mSecs,1622465116384,mSecs,108.42928314420149,kOhms,1363.3699633699632,mVolts
1622465116385,mSecs,1622465116391,mSecs,108.42928314420149,kOhms,1360.4395604395604,mVolts
1622465116396,mSecs,1622465116399,mSecs,108.42928314420149,kOhms,1359.7069597069597,mVolts
1622465116396,mSecs,1622465116407,mSecs,108.42928314420149,kOhms,1359.7069597069597,mVolts
1622465116429,mSecs,1622465116415,mSecs,108.48933813348103,kOhms,1358.9743589743589,mVolts
1622465116431,mSecs,1622465116423,mSecs,108.36929460580913,kOhms,1357.5091575091574,mVolts
1622465116431,mSecs,1622465116431,mSecs,108.42928314420149,kOhms,1354.5787545787546,mVolts
1622465116435,mSecs,1622465116438,mSecs,108.48933813348103,kOhms,1351.6483516483515,mVolts
1622465116437,mSecs,1622465116446,mSecs,108.42928314420149,kOhms,1349.4505494505493,mVolts
1622465116469,mSecs,1622465116454,mSecs,108.36929460580913,kOhms,1347.2527472527472,mVolts
1622465116470,mSecs,1622465116462,mSecs,108.42928314420149,kOhms,1347.2527472527472,mVolts
1622465116470,mSecs,1622465116470,mSecs,108.36929460580913,kOhms,1348.7179487179487,mVolts
1622465116471,mSecs,1622465116477,mSecs,108.42928314420149,kOhms,1356.7765567765566,mVolts
1622465116471,mSecs,1622465116485,mSecs,108.36929460580913,kOhms,1369.9633699633698,mVolts
1622465116471,mSecs,1622465116493,mSecs,108.42928314420149,kOhms,1388.2783882783881,mVolts
1622465116505,mSecs,1622465116501,mSecs,108.42928314420149,kOhms,1410.2564102564102,mVolts
1622465116506,mSecs,1622465116509,mSecs,108.36929460580913,kOhms,1438.8278388278388,mVolts
1622465116507,mSecs,1622465116516,mSecs,108.36929460580913,kOhms,1469.5970695970695,mVolts
1622465116507,mSecs,1622465116524,mSecs,108.42928314420149,kOhms,1501.8315018315018,mVolts
1622465116540,mSecs,1622465116532,mSecs,108.42928314420149,kOhms,1531.135531135531,mVolts
1622465116541,mSecs,1622465116540,mSecs,108.30937240807299,kOhms,1560.4395604395604,mVolts
1622465116544,mSecs,1622465116548,mSecs,108.36929460580913,kOhms,1582.4175824175823,mVolts
1622465116546,mSecs,1622465116556,mSecs,108.42928314420149,kOhms,1600,mVolts
1622465116546,mSecs,1622465116563,mSecs,108.42928314420149,kOhms,1609.5238095238094,mVolts
1622465116582,mSecs,1622465116571,mSecs,108.54945968412302,kOhms,1613.186813186813,mVolts
1622465116582,mSecs,1622465116579,mSecs,108.48933813348103,kOhms,1608.0586080586079,mVolts
1622465116582,mSecs,1622465116587,mSecs,108.48933813348103,kOhms,1600.7326007326005,mVolts
1622465116582,mSecs,1622465116595,mSecs,108.60964790684781,kOhms,1586.080586080586,mVolts
1622465116614,mSecs,1622465116602,mSecs,108.60964790684781,kOhms,1569.2307692307691,mVolts
1622465116616,mSecs,1622465116610,mSecs,108.54945968412302,kOhms,1547.985347985348,mVolts
1622465116616,mSecs,1622465116618,mSecs,108.54945968412302,kOhms,1525.2747252747251,mVolts
1622465116616,mSecs,1622465116626,mSecs,108.60964790684781,kOhms,1501.8315018315018,mVolts
